student_id,region,year,subject,funding_per_pupil,teacher_attrition,score,passed
1001,Dar es Salaam,2022,Mathematics,120000,0.05,79,1
1001,Dar es Salaam,2022,English,120000,0.05,67,1
1001,Dar es Salaam,2022,Physics,120000,0.05,59,1
1001,Dar es Salaam,2022,Chemistry,120000,0.05,42,1
1001,Dar es Salaam,2022,Biology,120000,0.05,76,1
1002,Dar es Salaam,2022,Mathematics,120000,0.05,70,1
1002,Dar es Salaam,2022,English,120000,0.05,70,1
1002,Dar es Salaam,2022,Physics,120000,0.05,85,1
1002,Dar es Salaam,2022,Chemistry,120000,0.05,47,1
1002,Dar es Salaam,2022,Biology,120000,0.05,52,1
1003,Dar es Salaam,2022,Mathematics,120000,0.05,67,1
1003,Dar es Salaam,2022,English,120000,0.05,55,1
1003,Dar es Salaam,2022,Physics,120000,0.05,69,1
1003,Dar es Salaam,2022,Chemistry,120000,0.05,69,1
1003,Dar es Salaam,2022,Biology,120000,0.05,53,1
1004,Dar es Salaam,2022,Mathematics,120000,0.05,57,1
1004,Dar es Salaam,2022,English,120000,0.05,80,1
1004,Dar es Salaam,2022,Physics,120000,0.05,66,1
1004,Dar es Salaam,2022,Chemistry,120000,0.05,53,1
1004,Dar es Salaam,2022,Biology,120000,0.05,52,1
1005,Dar es Salaam,2022,Mathematics,120000,0.05,78,1
1005,Dar es Salaam,2022,English,120000,0.05,69,1
1005,Dar es Salaam,2022,Physics,120000,0.05,65,1
1005,Dar es Salaam,2022,Chemistry,120000,0.05,72,1
1005,Dar es Salaam,2022,Biology,120000,0.05,61,1
1006,Dar es Salaam,2022,Mathematics,120000,0.05,74,1
1006,Dar es Salaam,2022,English,120000,0.05,82,1
1006,Dar es Salaam,2022,Physics,120000,0.05,62,1
1006,Dar es Salaam,2022,Chemistry,120000,0.05,64,1
1006,Dar es Salaam,2022,Biology,120000,0.05,60,1
1007,Dar es Salaam,2022,Mathematics,120000,0.05,62,1
1007,Dar es Salaam,2022,English,120000,0.05,58,1
1007,Dar es Salaam,2022,Physics,120000,0.05,72,1
1007,Dar es Salaam,2022,Chemistry,120000,0.05,56,1
1007,Dar es Salaam,2022,Biology,120000,0.05,66,1
1008,Dar es Salaam,2022,Mathematics,120000,0.05,80,1
1008,Dar es Salaam,2022,English,120000,0.05,64,1
1008,Dar es Salaam,2022,Physics,120000,0.05,83,1
1008,Dar es Salaam,2022,Chemistry,120000,0.05,62,1
1008,Dar es Salaam,2022,Biology,120000,0.05,68,1
1009,Dar es Salaam,2022,Mathematics,120000,0.05,67,1
1009,Dar es Salaam,2022,English,120000,0.05,87,1
1009,Dar es Salaam,2022,Physics,120000,0.05,75,1
1009,Dar es Salaam,2022,Chemistry,120000,0.05,100,1
1009,Dar es Salaam,2022,Biology,120000,0.05,70,1
1010,Dar es Salaam,2022,Mathematics,120000,0.05,71,1
1010,Dar es Salaam,2022,English,120000,0.05,66,1
1010,Dar es Salaam,2022,Physics,120000,0.05,69,1
1010,Dar es Salaam,2022,Chemistry,120000,0.05,41,1
1010,Dar es Salaam,2022,Biology,120000,0.05,65,1
1011,Dar es Salaam,2022,Mathematics,120000,0.05,61,1
1011,Dar es Salaam,2022,English,120000,0.05,50,1
1011,Dar es Salaam,2022,Physics,120000,0.05,62,1
1011,Dar es Salaam,2022,Chemistry,120000,0.05,63,1
1011,Dar es Salaam,2022,Biology,120000,0.05,91,1
1012,Dar es Salaam,2022,Mathematics,120000,0.05,59,1
1012,Dar es Salaam,2022,English,120000,0.05,79,1
1012,Dar es Salaam,2022,Physics,120000,0.05,95,1
1012,Dar es Salaam,2022,Chemistry,120000,0.05,56,1
1012,Dar es Salaam,2022,Biology,120000,0.05,53,1
1013,Dar es Salaam,2022,Mathematics,120000,0.05,50,1
1013,Dar es Salaam,2022,English,120000,0.05,63,1
1013,Dar es Salaam,2022,Physics,120000,0.05,63,1
1013,Dar es Salaam,2022,Chemistry,120000,0.05,74,1
1013,Dar es Salaam,2022,Biology,120000,0.05,76,1
1014,Dar es Salaam,2022,Mathematics,120000,0.05,56,1
1014,Dar es Salaam,2022,English,120000,0.05,76,1
1014,Dar es Salaam,2022,Physics,120000,0.05,66,1
1014,Dar es Salaam,2022,Chemistry,120000,0.05,66,1
1014,Dar es Salaam,2022,Biology,120000,0.05,45,1
1015,Dar es Salaam,2022,Mathematics,120000,0.05,59,1
1015,Dar es Salaam,2022,English,120000,0.05,68,1
1015,Dar es Salaam,2022,Physics,120000,0.05,71,1
1015,Dar es Salaam,2022,Chemistry,120000,0.05,84,1
1015,Dar es Salaam,2022,Biology,120000,0.05,51,1
1016,Dar es Salaam,2022,Mathematics,120000,0.05,100,1
1016,Dar es Salaam,2022,English,120000,0.05,61,1
1016,Dar es Salaam,2022,Physics,120000,0.05,65,1
1016,Dar es Salaam,2022,Chemistry,120000,0.05,59,1
1016,Dar es Salaam,2022,Biology,120000,0.05,61,1
1017,Dar es Salaam,2022,Mathematics,120000,0.05,59,1
1017,Dar es Salaam,2022,English,120000,0.05,65,1
1017,Dar es Salaam,2022,Physics,120000,0.05,79,1
1017,Dar es Salaam,2022,Chemistry,120000,0.05,73,1
1017,Dar es Salaam,2022,Biology,120000,0.05,85,1
1018,Dar es Salaam,2022,Mathematics,120000,0.05,89,1
1018,Dar es Salaam,2022,English,120000,0.05,72,1
1018,Dar es Salaam,2022,Physics,120000,0.05,44,1
1018,Dar es Salaam,2022,Chemistry,120000,0.05,53,1
1018,Dar es Salaam,2022,Biology,120000,0.05,73,1
1019,Dar es Salaam,2022,Mathematics,120000,0.05,54,1
1019,Dar es Salaam,2022,English,120000,0.05,34,0
1019,Dar es Salaam,2022,Physics,120000,0.05,55,1
1019,Dar es Salaam,2022,Chemistry,120000,0.05,86,1
1019,Dar es Salaam,2022,Biology,120000,0.05,54,1
1020,Dar es Salaam,2022,Mathematics,120000,0.05,70,1
1020,Dar es Salaam,2022,English,120000,0.05,78,1
1020,Dar es Salaam,2022,Physics,120000,0.05,65,1
1020,Dar es Salaam,2022,Chemistry,120000,0.05,100,1
1020,Dar es Salaam,2022,Biology,120000,0.05,85,1
1021,Dar es Salaam,2022,Mathematics,120000,0.05,93,1
1021,Dar es Salaam,2022,English,120000,0.05,55,1
1021,Dar es Salaam,2022,Physics,120000,0.05,71,1
1021,Dar es Salaam,2022,Chemistry,120000,0.05,76,1
1021,Dar es Salaam,2022,Biology,120000,0.05,76,1
1022,Dar es Salaam,2022,Mathematics,120000,0.05,69,1
1022,Dar es Salaam,2022,English,120000,0.05,41,1
1022,Dar es Salaam,2022,Physics,120000,0.05,86,1
1022,Dar es Salaam,2022,Chemistry,120000,0.05,67,1
1022,Dar es Salaam,2022,Biology,120000,0.05,60,1
1023,Dar es Salaam,2022,Mathematics,120000,0.05,59,1
1023,Dar es Salaam,2022,English,120000,0.05,63,1
1023,Dar es Salaam,2022,Physics,120000,0.05,52,1
1023,Dar es Salaam,2022,Chemistry,120000,0.05,64,1
1023,Dar es Salaam,2022,Biology,120000,0.05,70,1
1024,Dar es Salaam,2022,Mathematics,120000,0.05,64,1
1024,Dar es Salaam,2022,English,120000,0.05,65,1
1024,Dar es Salaam,2022,Physics,120000,0.05,57,1
1024,Dar es Salaam,2022,Chemistry,120000,0.05,72,1
1024,Dar es Salaam,2022,Biology,120000,0.05,85,1
1025,Dar es Salaam,2023,Mathematics,120000,0.05,55,1
1025,Dar es Salaam,2023,English,120000,0.05,64,1
1025,Dar es Salaam,2023,Physics,120000,0.05,64,1
1025,Dar es Salaam,2023,Chemistry,120000,0.05,59,1
1025,Dar es Salaam,2023,Biology,120000,0.05,66,1
1026,Dar es Salaam,2023,Mathematics,120000,0.05,80,1
1026,Dar es Salaam,2023,English,120000,0.05,23,0
1026,Dar es Salaam,2023,Physics,120000,0.05,83,1
1026,Dar es Salaam,2023,Chemistry,120000,0.05,67,1
1026,Dar es Salaam,2023,Biology,120000,0.05,81,1
1027,Dar es Salaam,2023,Mathematics,120000,0.05,79,1
1027,Dar es Salaam,2023,English,120000,0.05,57,1
1027,Dar es Salaam,2023,Physics,120000,0.05,66,1
1027,Dar es Salaam,2023,Chemistry,120000,0.05,56,1
1027,Dar es Salaam,2023,Biology,120000,0.05,91,1
1028,Dar es Salaam,2023,Mathematics,120000,0.05,67,1
1028,Dar es Salaam,2023,English,120000,0.05,75,1
1028,Dar es Salaam,2023,Physics,120000,0.05,63,1
1028,Dar es Salaam,2023,Chemistry,120000,0.05,56,1
1028,Dar es Salaam,2023,Biology,120000,0.05,66,1
1029,Dar es Salaam,2023,Mathematics,120000,0.05,75,1
1029,Dar es Salaam,2023,English,120000,0.05,82,1
1029,Dar es Salaam,2023,Physics,120000,0.05,87,1
1029,Dar es Salaam,2023,Chemistry,120000,0.05,52,1
1029,Dar es Salaam,2023,Biology,120000,0.05,67,1
1030,Dar es Salaam,2023,Mathematics,120000,0.05,71,1
1030,Dar es Salaam,2023,English,120000,0.05,68,1
1030,Dar es Salaam,2023,Physics,120000,0.05,88,1
1030,Dar es Salaam,2023,Chemistry,120000,0.05,72,1
1030,Dar es Salaam,2023,Biology,120000,0.05,71,1
1031,Dar es Salaam,2023,Mathematics,120000,0.05,49,1
1031,Dar es Salaam,2023,English,120000,0.05,62,1
1031,Dar es Salaam,2023,Physics,120000,0.05,72,1
1031,Dar es Salaam,2023,Chemistry,120000,0.05,79,1
1031,Dar es Salaam,2023,Biology,120000,0.05,87,1
1032,Dar es Salaam,2023,Mathematics,120000,0.05,46,1
1032,Dar es Salaam,2023,English,120000,0.05,83,1
1032,Dar es Salaam,2023,Physics,120000,0.05,84,1
1032,Dar es Salaam,2023,Chemistry,120000,0.05,62,1
1032,Dar es Salaam,2023,Biology,120000,0.05,67,1
1033,Dar es Salaam,2023,Mathematics,120000,0.05,93,1
1033,Dar es Salaam,2023,English,120000,0.05,68,1
1033,Dar es Salaam,2023,Physics,120000,0.05,63,1
1033,Dar es Salaam,2023,Chemistry,120000,0.05,61,1
1033,Dar es Salaam,2023,Biology,120000,0.05,85,1
1034,Dar es Salaam,2023,Mathematics,120000,0.05,50,1
1034,Dar es Salaam,2023,English,120000,0.05,89,1
1034,Dar es Salaam,2023,Physics,120000,0.05,86,1
1034,Dar es Salaam,2023,Chemistry,120000,0.05,71,1
1034,Dar es Salaam,2023,Biology,120000,0.05,54,1
1035,Dar es Salaam,2023,Mathematics,120000,0.05,71,1
1035,Dar es Salaam,2023,English,120000,0.05,68,1
1035,Dar es Salaam,2023,Physics,120000,0.05,87,1
1035,Dar es Salaam,2023,Chemistry,120000,0.05,43,1
1035,Dar es Salaam,2023,Biology,120000,0.05,42,1
1036,Dar es Salaam,2023,Mathematics,120000,0.05,88,1
1036,Dar es Salaam,2023,English,120000,0.05,95,1
1036,Dar es Salaam,2023,Physics,120000,0.05,87,1
1036,Dar es Salaam,2023,Chemistry,120000,0.05,71,1
1036,Dar es Salaam,2023,Biology,120000,0.05,73,1
1037,Dar es Salaam,2023,Mathematics,120000,0.05,63,1
1037,Dar es Salaam,2023,English,120000,0.05,83,1
1037,Dar es Salaam,2023,Physics,120000,0.05,59,1
1037,Dar es Salaam,2023,Chemistry,120000,0.05,65,1
1037,Dar es Salaam,2023,Biology,120000,0.05,77,1
1038,Dar es Salaam,2023,Mathematics,120000,0.05,63,1
1038,Dar es Salaam,2023,English,120000,0.05,64,1
1038,Dar es Salaam,2023,Physics,120000,0.05,55,1
1038,Dar es Salaam,2023,Chemistry,120000,0.05,64,1
1038,Dar es Salaam,2023,Biology,120000,0.05,80,1
1039,Dar es Salaam,2023,Mathematics,120000,0.05,67,1
1039,Dar es Salaam,2023,English,120000,0.05,77,1
1039,Dar es Salaam,2023,Physics,120000,0.05,65,1
1039,Dar es Salaam,2023,Chemistry,120000,0.05,73,1
1039,Dar es Salaam,2023,Biology,120000,0.05,60,1
1040,Dar es Salaam,2023,Mathematics,120000,0.05,46,1
1040,Dar es Salaam,2023,English,120000,0.05,66,1
1040,Dar es Salaam,2023,Physics,120000,0.05,66,1
1040,Dar es Salaam,2023,Chemistry,120000,0.05,52,1
1040,Dar es Salaam,2023,Biology,120000,0.05,59,1
1041,Dar es Salaam,2023,Mathematics,120000,0.05,71,1
1041,Dar es Salaam,2023,English,120000,0.05,84,1
1041,Dar es Salaam,2023,Physics,120000,0.05,73,1
1041,Dar es Salaam,2023,Chemistry,120000,0.05,73,1
1041,Dar es Salaam,2023,Biology,120000,0.05,58,1
1042,Dar es Salaam,2023,Mathematics,120000,0.05,89,1
1042,Dar es Salaam,2023,English,120000,0.05,71,1
1042,Dar es Salaam,2023,Physics,120000,0.05,72,1
1042,Dar es Salaam,2023,Chemistry,120000,0.05,43,1
1042,Dar es Salaam,2023,Biology,120000,0.05,68,1
1043,Dar es Salaam,2023,Mathematics,120000,0.05,62,1
1043,Dar es Salaam,2023,English,120000,0.05,64,1
1043,Dar es Salaam,2023,Physics,120000,0.05,69,1
1043,Dar es Salaam,2023,Chemistry,120000,0.05,82,1
1043,Dar es Salaam,2023,Biology,120000,0.05,71,1
1044,Dar es Salaam,2023,Mathematics,120000,0.05,62,1
1044,Dar es Salaam,2023,English,120000,0.05,79,1
1044,Dar es Salaam,2023,Physics,120000,0.05,61,1
1044,Dar es Salaam,2023,Chemistry,120000,0.05,74,1
1044,Dar es Salaam,2023,Biology,120000,0.05,60,1
1045,Dar es Salaam,2023,Mathematics,120000,0.05,85,1
1045,Dar es Salaam,2023,English,120000,0.05,70,1
1045,Dar es Salaam,2023,Physics,120000,0.05,57,1
1045,Dar es Salaam,2023,Chemistry,120000,0.05,56,1
1045,Dar es Salaam,2023,Biology,120000,0.05,46,1
1046,Dar es Salaam,2023,Mathematics,120000,0.05,62,1
1046,Dar es Salaam,2023,English,120000,0.05,67,1
1046,Dar es Salaam,2023,Physics,120000,0.05,78,1
1046,Dar es Salaam,2023,Chemistry,120000,0.05,53,1
1046,Dar es Salaam,2023,Biology,120000,0.05,64,1
1047,Dar es Salaam,2023,Mathematics,120000,0.05,62,1
1047,Dar es Salaam,2023,English,120000,0.05,76,1
1047,Dar es Salaam,2023,Physics,120000,0.05,74,1
1047,Dar es Salaam,2023,Chemistry,120000,0.05,76,1
1047,Dar es Salaam,2023,Biology,120000,0.05,81,1
1048,Dar es Salaam,2023,Mathematics,120000,0.05,73,1
1048,Dar es Salaam,2023,English,120000,0.05,71,1
1048,Dar es Salaam,2023,Physics,120000,0.05,83,1
1048,Dar es Salaam,2023,Chemistry,120000,0.05,61,1
1048,Dar es Salaam,2023,Biology,120000,0.05,48,1
1049,Dar es Salaam,2024,Mathematics,120000,0.05,78,1
1049,Dar es Salaam,2024,English,120000,0.05,70,1
1049,Dar es Salaam,2024,Physics,120000,0.05,83,1
1049,Dar es Salaam,2024,Chemistry,120000,0.05,66,1
1049,Dar es Salaam,2024,Biology,120000,0.05,62,1
1050,Dar es Salaam,2024,Mathematics,120000,0.05,61,1
1050,Dar es Salaam,2024,English,120000,0.05,78,1
1050,Dar es Salaam,2024,Physics,120000,0.05,71,1
1050,Dar es Salaam,2024,Chemistry,120000,0.05,74,1
1050,Dar es Salaam,2024,Biology,120000,0.05,77,1
1051,Dar es Salaam,2024,Mathematics,120000,0.05,81,1
1051,Dar es Salaam,2024,English,120000,0.05,71,1
1051,Dar es Salaam,2024,Physics,120000,0.05,60,1
1051,Dar es Salaam,2024,Chemistry,120000,0.05,63,1
1051,Dar es Salaam,2024,Biology,120000,0.05,58,1
1052,Dar es Salaam,2024,Mathematics,120000,0.05,72,1
1052,Dar es Salaam,2024,English,120000,0.05,56,1
1052,Dar es Salaam,2024,Physics,120000,0.05,84,1
1052,Dar es Salaam,2024,Chemistry,120000,0.05,68,1
1052,Dar es Salaam,2024,Biology,120000,0.05,69,1
1053,Dar es Salaam,2024,Mathematics,120000,0.05,62,1
1053,Dar es Salaam,2024,English,120000,0.05,84,1
1053,Dar es Salaam,2024,Physics,120000,0.05,70,1
1053,Dar es Salaam,2024,Chemistry,120000,0.05,36,0
1053,Dar es Salaam,2024,Biology,120000,0.05,68,1
1054,Dar es Salaam,2024,Mathematics,120000,0.05,74,1
1054,Dar es Salaam,2024,English,120000,0.05,72,1
1054,Dar es Salaam,2024,Physics,120000,0.05,88,1
1054,Dar es Salaam,2024,Chemistry,120000,0.05,50,1
1054,Dar es Salaam,2024,Biology,120000,0.05,52,1
1055,Dar es Salaam,2024,Mathematics,120000,0.05,76,1
1055,Dar es Salaam,2024,English,120000,0.05,63,1
1055,Dar es Salaam,2024,Physics,120000,0.05,53,1
1055,Dar es Salaam,2024,Chemistry,120000,0.05,40,1
1055,Dar es Salaam,2024,Biology,120000,0.05,86,1
1056,Dar es Salaam,2024,Mathematics,120000,0.05,77,1
1056,Dar es Salaam,2024,English,120000,0.05,68,1
1056,Dar es Salaam,2024,Physics,120000,0.05,46,1
1056,Dar es Salaam,2024,Chemistry,120000,0.05,86,1
1056,Dar es Salaam,2024,Biology,120000,0.05,65,1
1057,Dar es Salaam,2024,Mathematics,120000,0.05,58,1
1057,Dar es Salaam,2024,English,120000,0.05,77,1
1057,Dar es Salaam,2024,Physics,120000,0.05,73,1
1057,Dar es Salaam,2024,Chemistry,120000,0.05,67,1
1057,Dar es Salaam,2024,Biology,120000,0.05,78,1
1058,Dar es Salaam,2024,Mathematics,120000,0.05,51,1
1058,Dar es Salaam,2024,English,120000,0.05,79,1
1058,Dar es Salaam,2024,Physics,120000,0.05,68,1
1058,Dar es Salaam,2024,Chemistry,120000,0.05,56,1
1058,Dar es Salaam,2024,Biology,120000,0.05,71,1
1059,Dar es Salaam,2024,Mathematics,120000,0.05,80,1
1059,Dar es Salaam,2024,English,120000,0.05,47,1
1059,Dar es Salaam,2024,Physics,120000,0.05,72,1
1059,Dar es Salaam,2024,Chemistry,120000,0.05,82,1
1059,Dar es Salaam,2024,Biology,120000,0.05,90,1
1060,Dar es Salaam,2024,Mathematics,120000,0.05,70,1
1060,Dar es Salaam,2024,English,120000,0.05,69,1
1060,Dar es Salaam,2024,Physics,120000,0.05,61,1
1060,Dar es Salaam,2024,Chemistry,120000,0.05,69,1
1060,Dar es Salaam,2024,Biology,120000,0.05,73,1
1061,Dar es Salaam,2024,Mathematics,120000,0.05,62,1
1061,Dar es Salaam,2024,English,120000,0.05,56,1
1061,Dar es Salaam,2024,Physics,120000,0.05,61,1
1061,Dar es Salaam,2024,Chemistry,120000,0.05,59,1
1061,Dar es Salaam,2024,Biology,120000,0.05,68,1
1062,Dar es Salaam,2024,Mathematics,120000,0.05,85,1
1062,Dar es Salaam,2024,English,120000,0.05,54,1
1062,Dar es Salaam,2024,Physics,120000,0.05,70,1
1062,Dar es Salaam,2024,Chemistry,120000,0.05,61,1
1062,Dar es Salaam,2024,Biology,120000,0.05,83,1
1063,Dar es Salaam,2024,Mathematics,120000,0.05,72,1
1063,Dar es Salaam,2024,English,120000,0.05,70,1
1063,Dar es Salaam,2024,Physics,120000,0.05,69,1
1063,Dar es Salaam,2024,Chemistry,120000,0.05,58,1
1063,Dar es Salaam,2024,Biology,120000,0.05,63,1
1064,Dar es Salaam,2024,Mathematics,120000,0.05,36,0
1064,Dar es Salaam,2024,English,120000,0.05,73,1
1064,Dar es Salaam,2024,Physics,120000,0.05,70,1
1064,Dar es Salaam,2024,Chemistry,120000,0.05,80,1
1064,Dar es Salaam,2024,Biology,120000,0.05,68,1
1065,Dar es Salaam,2024,Mathematics,120000,0.05,54,1
1065,Dar es Salaam,2024,English,120000,0.05,59,1
1065,Dar es Salaam,2024,Physics,120000,0.05,47,1
1065,Dar es Salaam,2024,Chemistry,120000,0.05,70,1
1065,Dar es Salaam,2024,Biology,120000,0.05,61,1
1066,Dar es Salaam,2024,Mathematics,120000,0.05,67,1
1066,Dar es Salaam,2024,English,120000,0.05,49,1
1066,Dar es Salaam,2024,Physics,120000,0.05,70,1
1066,Dar es Salaam,2024,Chemistry,120000,0.05,62,1
1066,Dar es Salaam,2024,Biology,120000,0.05,62,1
1067,Dar es Salaam,2024,Mathematics,120000,0.05,56,1
1067,Dar es Salaam,2024,English,120000,0.05,100,1
1067,Dar es Salaam,2024,Physics,120000,0.05,53,1
1067,Dar es Salaam,2024,Chemistry,120000,0.05,53,1
1067,Dar es Salaam,2024,Biology,120000,0.05,56,1
1068,Dar es Salaam,2024,Mathematics,120000,0.05,75,1
1068,Dar es Salaam,2024,English,120000,0.05,66,1
1068,Dar es Salaam,2024,Physics,120000,0.05,85,1
1068,Dar es Salaam,2024,Chemistry,120000,0.05,78,1
1068,Dar es Salaam,2024,Biology,120000,0.05,63,1
1069,Dar es Salaam,2024,Mathematics,120000,0.05,73,1
1069,Dar es Salaam,2024,English,120000,0.05,71,1
1069,Dar es Salaam,2024,Physics,120000,0.05,49,1
1069,Dar es Salaam,2024,Chemistry,120000,0.05,71,1
1069,Dar es Salaam,2024,Biology,120000,0.05,61,1
1070,Dar es Salaam,2024,Mathematics,120000,0.05,50,1
1070,Dar es Salaam,2024,English,120000,0.05,88,1
1070,Dar es Salaam,2024,Physics,120000,0.05,59,1
1070,Dar es Salaam,2024,Chemistry,120000,0.05,81,1
1070,Dar es Salaam,2024,Biology,120000,0.05,63,1
1071,Dar es Salaam,2024,Mathematics,120000,0.05,88,1
1071,Dar es Salaam,2024,English,120000,0.05,52,1
1071,Dar es Salaam,2024,Physics,120000,0.05,58,1
1071,Dar es Salaam,2024,Chemistry,120000,0.05,87,1
1071,Dar es Salaam,2024,Biology,120000,0.05,79,1
1072,Dar es Salaam,2024,Mathematics,120000,0.05,83,1
1072,Dar es Salaam,2024,English,120000,0.05,58,1
1072,Dar es Salaam,2024,Physics,120000,0.05,65,1
1072,Dar es Salaam,2024,Chemistry,120000,0.05,55,1
1072,Dar es Salaam,2024,Biology,120000,0.05,70,1
1073,Dodoma,2022,Mathematics,95000,0.1,81,1
1073,Dodoma,2022,English,95000,0.1,52,1
1073,Dodoma,2022,Physics,95000,0.1,83,1
1073,Dodoma,2022,Chemistry,95000,0.1,56,1
1073,Dodoma,2022,Biology,95000,0.1,55,1
1074,Dodoma,2022,Mathematics,95000,0.1,43,1
1074,Dodoma,2022,English,95000,0.1,69,1
1074,Dodoma,2022,Physics,95000,0.1,76,1
1074,Dodoma,2022,Chemistry,95000,0.1,69,1
1074,Dodoma,2022,Biology,95000,0.1,64,1
1075,Dodoma,2022,Mathematics,95000,0.1,67,1
1075,Dodoma,2022,English,95000,0.1,50,1
1075,Dodoma,2022,Physics,95000,0.1,80,1
1075,Dodoma,2022,Chemistry,95000,0.1,50,1
1075,Dodoma,2022,Biology,95000,0.1,53,1
1076,Dodoma,2022,Mathematics,95000,0.1,73,1
1076,Dodoma,2022,English,95000,0.1,16,0
1076,Dodoma,2022,Physics,95000,0.1,55,1
1076,Dodoma,2022,Chemistry,95000,0.1,51,1
1076,Dodoma,2022,Biology,95000,0.1,62,1
1077,Dodoma,2022,Mathematics,95000,0.1,43,1
1077,Dodoma,2022,English,95000,0.1,39,0
1077,Dodoma,2022,Physics,95000,0.1,72,1
1077,Dodoma,2022,Chemistry,95000,0.1,53,1
1077,Dodoma,2022,Biology,95000,0.1,74,1
1078,Dodoma,2022,Mathematics,95000,0.1,53,1
1078,Dodoma,2022,English,95000,0.1,38,0
1078,Dodoma,2022,Physics,95000,0.1,49,1
1078,Dodoma,2022,Chemistry,95000,0.1,75,1
1078,Dodoma,2022,Biology,95000,0.1,47,1
1079,Dodoma,2022,Mathematics,95000,0.1,38,0
1079,Dodoma,2022,English,95000,0.1,58,1
1079,Dodoma,2022,Physics,95000,0.1,76,1
1079,Dodoma,2022,Chemistry,95000,0.1,22,0
1079,Dodoma,2022,Biology,95000,0.1,35,0
1080,Dodoma,2022,Mathematics,95000,0.1,79,1
1080,Dodoma,2022,English,95000,0.1,68,1
1080,Dodoma,2022,Physics,95000,0.1,52,1
1080,Dodoma,2022,Chemistry,95000,0.1,73,1
1080,Dodoma,2022,Biology,95000,0.1,54,1
1081,Dodoma,2022,Mathematics,95000,0.1,51,1
1081,Dodoma,2022,English,95000,0.1,80,1
1081,Dodoma,2022,Physics,95000,0.1,68,1
1081,Dodoma,2022,Chemistry,95000,0.1,71,1
1081,Dodoma,2022,Biology,95000,0.1,44,1
1082,Dodoma,2022,Mathematics,95000,0.1,52,1
1082,Dodoma,2022,English,95000,0.1,50,1
1082,Dodoma,2022,Physics,95000,0.1,39,0
1082,Dodoma,2022,Chemistry,95000,0.1,82,1
1082,Dodoma,2022,Biology,95000,0.1,66,1
1083,Dodoma,2022,Mathematics,95000,0.1,45,1
1083,Dodoma,2022,English,95000,0.1,74,1
1083,Dodoma,2022,Physics,95000,0.1,58,1
1083,Dodoma,2022,Chemistry,95000,0.1,58,1
1083,Dodoma,2022,Biology,95000,0.1,78,1
1084,Dodoma,2022,Mathematics,95000,0.1,37,0
1084,Dodoma,2022,English,95000,0.1,37,0
1084,Dodoma,2022,Physics,95000,0.1,63,1
1084,Dodoma,2022,Chemistry,95000,0.1,68,1
1084,Dodoma,2022,Biology,95000,0.1,75,1
1085,Dodoma,2022,Mathematics,95000,0.1,50,1
1085,Dodoma,2022,English,95000,0.1,42,1
1085,Dodoma,2022,Physics,95000,0.1,70,1
1085,Dodoma,2022,Chemistry,95000,0.1,46,1
1085,Dodoma,2022,Biology,95000,0.1,61,1
1086,Dodoma,2022,Mathematics,95000,0.1,26,0
1086,Dodoma,2022,English,95000,0.1,33,0
1086,Dodoma,2022,Physics,95000,0.1,39,0
1086,Dodoma,2022,Chemistry,95000,0.1,54,1
1086,Dodoma,2022,Biology,95000,0.1,62,1
1087,Dodoma,2022,Mathematics,95000,0.1,41,1
1087,Dodoma,2022,English,95000,0.1,69,1
1087,Dodoma,2022,Physics,95000,0.1,58,1
1087,Dodoma,2022,Chemistry,95000,0.1,46,1
1087,Dodoma,2022,Biology,95000,0.1,37,0
1088,Dodoma,2022,Mathematics,95000,0.1,57,1
1088,Dodoma,2022,English,95000,0.1,80,1
1088,Dodoma,2022,Physics,95000,0.1,72,1
1088,Dodoma,2022,Chemistry,95000,0.1,63,1
1088,Dodoma,2022,Biology,95000,0.1,54,1
1089,Dodoma,2022,Mathematics,95000,0.1,56,1
1089,Dodoma,2022,English,95000,0.1,62,1
1089,Dodoma,2022,Physics,95000,0.1,58,1
1089,Dodoma,2022,Chemistry,95000,0.1,50,1
1089,Dodoma,2022,Biology,95000,0.1,40,1
1090,Dodoma,2022,Mathematics,95000,0.1,47,1
1090,Dodoma,2022,English,95000,0.1,61,1
1090,Dodoma,2022,Physics,95000,0.1,49,1
1090,Dodoma,2022,Chemistry,95000,0.1,59,1
1090,Dodoma,2022,Biology,95000,0.1,77,1
1091,Dodoma,2022,Mathematics,95000,0.1,51,1
1091,Dodoma,2022,English,95000,0.1,96,1
1091,Dodoma,2022,Physics,95000,0.1,37,0
1091,Dodoma,2022,Chemistry,95000,0.1,51,1
1091,Dodoma,2022,Biology,95000,0.1,42,1
1092,Dodoma,2022,Mathematics,95000,0.1,51,1
1092,Dodoma,2022,English,95000,0.1,62,1
1092,Dodoma,2022,Physics,95000,0.1,39,0
1092,Dodoma,2022,Chemistry,95000,0.1,44,1
1092,Dodoma,2022,Biology,95000,0.1,45,1
1093,Dodoma,2022,Mathematics,95000,0.1,70,1
1093,Dodoma,2022,English,95000,0.1,44,1
1093,Dodoma,2022,Physics,95000,0.1,54,1
1093,Dodoma,2022,Chemistry,95000,0.1,73,1
1093,Dodoma,2022,Biology,95000,0.1,70,1
1094,Dodoma,2022,Mathematics,95000,0.1,66,1
1094,Dodoma,2022,English,95000,0.1,67,1
1094,Dodoma,2022,Physics,95000,0.1,75,1
1094,Dodoma,2022,Chemistry,95000,0.1,81,1
1094,Dodoma,2022,Biology,95000,0.1,42,1
1095,Dodoma,2022,Mathematics,95000,0.1,35,0
1095,Dodoma,2022,English,95000,0.1,63,1
1095,Dodoma,2022,Physics,95000,0.1,84,1
1095,Dodoma,2022,Chemistry,95000,0.1,79,1
1095,Dodoma,2022,Biology,95000,0.1,76,1
1096,Dodoma,2022,Mathematics,95000,0.1,45,1
1096,Dodoma,2022,English,95000,0.1,66,1
1096,Dodoma,2022,Physics,95000,0.1,48,1
1096,Dodoma,2022,Chemistry,95000,0.1,39,0
1096,Dodoma,2022,Biology,95000,0.1,56,1
1097,Dodoma,2023,Mathematics,95000,0.1,37,0
1097,Dodoma,2023,English,95000,0.1,48,1
1097,Dodoma,2023,Physics,95000,0.1,55,1
1097,Dodoma,2023,Chemistry,95000,0.1,64,1
1097,Dodoma,2023,Biology,95000,0.1,67,1
1098,Dodoma,2023,Mathematics,95000,0.1,49,1
1098,Dodoma,2023,English,95000,0.1,71,1
1098,Dodoma,2023,Physics,95000,0.1,51,1
1098,Dodoma,2023,Chemistry,95000,0.1,66,1
1098,Dodoma,2023,Biology,95000,0.1,54,1
1099,Dodoma,2023,Mathematics,95000,0.1,61,1
1099,Dodoma,2023,English,95000,0.1,53,1
1099,Dodoma,2023,Physics,95000,0.1,58,1
1099,Dodoma,2023,Chemistry,95000,0.1,24,0
1099,Dodoma,2023,Biology,95000,0.1,68,1
1100,Dodoma,2023,Mathematics,95000,0.1,67,1
1100,Dodoma,2023,English,95000,0.1,29,0
1100,Dodoma,2023,Physics,95000,0.1,73,1
1100,Dodoma,2023,Chemistry,95000,0.1,25,0
1100,Dodoma,2023,Biology,95000,0.1,73,1
1101,Dodoma,2023,Mathematics,95000,0.1,48,1
1101,Dodoma,2023,English,95000,0.1,46,1
1101,Dodoma,2023,Physics,95000,0.1,50,1
1101,Dodoma,2023,Chemistry,95000,0.1,60,1
1101,Dodoma,2023,Biology,95000,0.1,41,1
1102,Dodoma,2023,Mathematics,95000,0.1,65,1
1102,Dodoma,2023,English,95000,0.1,83,1
1102,Dodoma,2023,Physics,95000,0.1,59,1
1102,Dodoma,2023,Chemistry,95000,0.1,50,1
1102,Dodoma,2023,Biology,95000,0.1,58,1
1103,Dodoma,2023,Mathematics,95000,0.1,62,1
1103,Dodoma,2023,English,95000,0.1,84,1
1103,Dodoma,2023,Physics,95000,0.1,56,1
1103,Dodoma,2023,Chemistry,95000,0.1,60,1
1103,Dodoma,2023,Biology,95000,0.1,62,1
1104,Dodoma,2023,Mathematics,95000,0.1,63,1
1104,Dodoma,2023,English,95000,0.1,62,1
1104,Dodoma,2023,Physics,95000,0.1,61,1
1104,Dodoma,2023,Chemistry,95000,0.1,52,1
1104,Dodoma,2023,Biology,95000,0.1,62,1
1105,Dodoma,2023,Mathematics,95000,0.1,37,0
1105,Dodoma,2023,English,95000,0.1,54,1
1105,Dodoma,2023,Physics,95000,0.1,54,1
1105,Dodoma,2023,Chemistry,95000,0.1,57,1
1105,Dodoma,2023,Biology,95000,0.1,85,1
1106,Dodoma,2023,Mathematics,95000,0.1,68,1
1106,Dodoma,2023,English,95000,0.1,23,0
1106,Dodoma,2023,Physics,95000,0.1,64,1
1106,Dodoma,2023,Chemistry,95000,0.1,40,1
1106,Dodoma,2023,Biology,95000,0.1,70,1
1107,Dodoma,2023,Mathematics,95000,0.1,66,1
1107,Dodoma,2023,English,95000,0.1,61,1
1107,Dodoma,2023,Physics,95000,0.1,51,1
1107,Dodoma,2023,Chemistry,95000,0.1,78,1
1107,Dodoma,2023,Biology,95000,0.1,74,1
1108,Dodoma,2023,Mathematics,95000,0.1,57,1
1108,Dodoma,2023,English,95000,0.1,77,1
1108,Dodoma,2023,Physics,95000,0.1,74,1
1108,Dodoma,2023,Chemistry,95000,0.1,62,1
1108,Dodoma,2023,Biology,95000,0.1,34,0
1109,Dodoma,2023,Mathematics,95000,0.1,59,1
1109,Dodoma,2023,English,95000,0.1,70,1
1109,Dodoma,2023,Physics,95000,0.1,70,1
1109,Dodoma,2023,Chemistry,95000,0.1,68,1
1109,Dodoma,2023,Biology,95000,0.1,75,1
1110,Dodoma,2023,Mathematics,95000,0.1,80,1
1110,Dodoma,2023,English,95000,0.1,66,1
1110,Dodoma,2023,Physics,95000,0.1,63,1
1110,Dodoma,2023,Chemistry,95000,0.1,43,1
1110,Dodoma,2023,Biology,95000,0.1,52,1
1111,Dodoma,2023,Mathematics,95000,0.1,66,1
1111,Dodoma,2023,English,95000,0.1,68,1
1111,Dodoma,2023,Physics,95000,0.1,75,1
1111,Dodoma,2023,Chemistry,95000,0.1,45,1
1111,Dodoma,2023,Biology,95000,0.1,48,1
1112,Dodoma,2023,Mathematics,95000,0.1,70,1
1112,Dodoma,2023,English,95000,0.1,60,1
1112,Dodoma,2023,Physics,95000,0.1,67,1
1112,Dodoma,2023,Chemistry,95000,0.1,58,1
1112,Dodoma,2023,Biology,95000,0.1,42,1
1113,Dodoma,2023,Mathematics,95000,0.1,86,1
1113,Dodoma,2023,English,95000,0.1,55,1
1113,Dodoma,2023,Physics,95000,0.1,91,1
1113,Dodoma,2023,Chemistry,95000,0.1,66,1
1113,Dodoma,2023,Biology,95000,0.1,65,1
1114,Dodoma,2023,Mathematics,95000,0.1,76,1
1114,Dodoma,2023,English,95000,0.1,85,1
1114,Dodoma,2023,Physics,95000,0.1,60,1
1114,Dodoma,2023,Chemistry,95000,0.1,70,1
1114,Dodoma,2023,Biology,95000,0.1,70,1
1115,Dodoma,2023,Mathematics,95000,0.1,63,1
1115,Dodoma,2023,English,95000,0.1,71,1
1115,Dodoma,2023,Physics,95000,0.1,53,1
1115,Dodoma,2023,Chemistry,95000,0.1,35,0
1115,Dodoma,2023,Biology,95000,0.1,62,1
1116,Dodoma,2023,Mathematics,95000,0.1,62,1
1116,Dodoma,2023,English,95000,0.1,57,1
1116,Dodoma,2023,Physics,95000,0.1,78,1
1116,Dodoma,2023,Chemistry,95000,0.1,54,1
1116,Dodoma,2023,Biology,95000,0.1,78,1
1117,Dodoma,2023,Mathematics,95000,0.1,53,1
1117,Dodoma,2023,English,95000,0.1,79,1
1117,Dodoma,2023,Physics,95000,0.1,73,1
1117,Dodoma,2023,Chemistry,95000,0.1,63,1
1117,Dodoma,2023,Biology,95000,0.1,51,1
1118,Dodoma,2023,Mathematics,95000,0.1,64,1
1118,Dodoma,2023,English,95000,0.1,55,1
1118,Dodoma,2023,Physics,95000,0.1,62,1
1118,Dodoma,2023,Chemistry,95000,0.1,39,0
1118,Dodoma,2023,Biology,95000,0.1,73,1
1119,Dodoma,2023,Mathematics,95000,0.1,63,1
1119,Dodoma,2023,English,95000,0.1,56,1
1119,Dodoma,2023,Physics,95000,0.1,86,1
1119,Dodoma,2023,Chemistry,95000,0.1,65,1
1119,Dodoma,2023,Biology,95000,0.1,39,0
1120,Dodoma,2023,Mathematics,95000,0.1,48,1
1120,Dodoma,2023,English,95000,0.1,67,1
1120,Dodoma,2023,Physics,95000,0.1,62,1
1120,Dodoma,2023,Chemistry,95000,0.1,74,1
1120,Dodoma,2023,Biology,95000,0.1,27,0
1121,Dodoma,2024,Mathematics,95000,0.1,62,1
1121,Dodoma,2024,English,95000,0.1,77,1
1121,Dodoma,2024,Physics,95000,0.1,52,1
1121,Dodoma,2024,Chemistry,95000,0.1,69,1
1121,Dodoma,2024,Biology,95000,0.1,48,1
1122,Dodoma,2024,Mathematics,95000,0.1,58,1
1122,Dodoma,2024,English,95000,0.1,48,1
1122,Dodoma,2024,Physics,95000,0.1,79,1
1122,Dodoma,2024,Chemistry,95000,0.1,61,1
1122,Dodoma,2024,Biology,95000,0.1,63,1
1123,Dodoma,2024,Mathematics,95000,0.1,60,1
1123,Dodoma,2024,English,95000,0.1,35,0
1123,Dodoma,2024,Physics,95000,0.1,37,0
1123,Dodoma,2024,Chemistry,95000,0.1,61,1
1123,Dodoma,2024,Biology,95000,0.1,74,1
1124,Dodoma,2024,Mathematics,95000,0.1,51,1
1124,Dodoma,2024,English,95000,0.1,72,1
1124,Dodoma,2024,Physics,95000,0.1,40,1
1124,Dodoma,2024,Chemistry,95000,0.1,43,1
1124,Dodoma,2024,Biology,95000,0.1,60,1
1125,Dodoma,2024,Mathematics,95000,0.1,42,1
1125,Dodoma,2024,English,95000,0.1,57,1
1125,Dodoma,2024,Physics,95000,0.1,57,1
1125,Dodoma,2024,Chemistry,95000,0.1,56,1
1125,Dodoma,2024,Biology,95000,0.1,48,1
1126,Dodoma,2024,Mathematics,95000,0.1,47,1
1126,Dodoma,2024,English,95000,0.1,66,1
1126,Dodoma,2024,Physics,95000,0.1,29,0
1126,Dodoma,2024,Chemistry,95000,0.1,53,1
1126,Dodoma,2024,Biology,95000,0.1,48,1
1127,Dodoma,2024,Mathematics,95000,0.1,61,1
1127,Dodoma,2024,English,95000,0.1,64,1
1127,Dodoma,2024,Physics,95000,0.1,53,1
1127,Dodoma,2024,Chemistry,95000,0.1,39,0
1127,Dodoma,2024,Biology,95000,0.1,42,1
1128,Dodoma,2024,Mathematics,95000,0.1,64,1
1128,Dodoma,2024,English,95000,0.1,47,1
1128,Dodoma,2024,Physics,95000,0.1,65,1
1128,Dodoma,2024,Chemistry,95000,0.1,37,0
1128,Dodoma,2024,Biology,95000,0.1,45,1
1129,Dodoma,2024,Mathematics,95000,0.1,72,1
1129,Dodoma,2024,English,95000,0.1,68,1
1129,Dodoma,2024,Physics,95000,0.1,43,1
1129,Dodoma,2024,Chemistry,95000,0.1,36,0
1129,Dodoma,2024,Biology,95000,0.1,50,1
1130,Dodoma,2024,Mathematics,95000,0.1,53,1
1130,Dodoma,2024,English,95000,0.1,57,1
1130,Dodoma,2024,Physics,95000,0.1,46,1
1130,Dodoma,2024,Chemistry,95000,0.1,57,1
1130,Dodoma,2024,Biology,95000,0.1,73,1
1131,Dodoma,2024,Mathematics,95000,0.1,48,1
1131,Dodoma,2024,English,95000,0.1,37,0
1131,Dodoma,2024,Physics,95000,0.1,40,1
1131,Dodoma,2024,Chemistry,95000,0.1,54,1
1131,Dodoma,2024,Biology,95000,0.1,51,1
1132,Dodoma,2024,Mathematics,95000,0.1,62,1
1132,Dodoma,2024,English,95000,0.1,52,1
1132,Dodoma,2024,Physics,95000,0.1,56,1
1132,Dodoma,2024,Chemistry,95000,0.1,58,1
1132,Dodoma,2024,Biology,95000,0.1,55,1
1133,Dodoma,2024,Mathematics,95000,0.1,64,1
1133,Dodoma,2024,English,95000,0.1,54,1
1133,Dodoma,2024,Physics,95000,0.1,69,1
1133,Dodoma,2024,Chemistry,95000,0.1,65,1
1133,Dodoma,2024,Biology,95000,0.1,64,1
1134,Dodoma,2024,Mathematics,95000,0.1,30,0
1134,Dodoma,2024,English,95000,0.1,40,1
1134,Dodoma,2024,Physics,95000,0.1,67,1
1134,Dodoma,2024,Chemistry,95000,0.1,52,1
1134,Dodoma,2024,Biology,95000,0.1,80,1
1135,Dodoma,2024,Mathematics,95000,0.1,49,1
1135,Dodoma,2024,English,95000,0.1,81,1
1135,Dodoma,2024,Physics,95000,0.1,38,0
1135,Dodoma,2024,Chemistry,95000,0.1,87,1
1135,Dodoma,2024,Biology,95000,0.1,55,1
1136,Dodoma,2024,Mathematics,95000,0.1,72,1
1136,Dodoma,2024,English,95000,0.1,72,1
1136,Dodoma,2024,Physics,95000,0.1,32,0
1136,Dodoma,2024,Chemistry,95000,0.1,38,0
1136,Dodoma,2024,Biology,95000,0.1,36,0
1137,Dodoma,2024,Mathematics,95000,0.1,70,1
1137,Dodoma,2024,English,95000,0.1,34,0
1137,Dodoma,2024,Physics,95000,0.1,56,1
1137,Dodoma,2024,Chemistry,95000,0.1,85,1
1137,Dodoma,2024,Biology,95000,0.1,67,1
1138,Dodoma,2024,Mathematics,95000,0.1,54,1
1138,Dodoma,2024,English,95000,0.1,61,1
1138,Dodoma,2024,Physics,95000,0.1,59,1
1138,Dodoma,2024,Chemistry,95000,0.1,69,1
1138,Dodoma,2024,Biology,95000,0.1,54,1
1139,Dodoma,2024,Mathematics,95000,0.1,72,1
1139,Dodoma,2024,English,95000,0.1,43,1
1139,Dodoma,2024,Physics,95000,0.1,49,1
1139,Dodoma,2024,Chemistry,95000,0.1,85,1
1139,Dodoma,2024,Biology,95000,0.1,51,1
1140,Dodoma,2024,Mathematics,95000,0.1,39,0
1140,Dodoma,2024,English,95000,0.1,54,1
1140,Dodoma,2024,Physics,95000,0.1,85,1
1140,Dodoma,2024,Chemistry,95000,0.1,53,1
1140,Dodoma,2024,Biology,95000,0.1,55,1
1141,Dodoma,2024,Mathematics,95000,0.1,70,1
1141,Dodoma,2024,English,95000,0.1,65,1
1141,Dodoma,2024,Physics,95000,0.1,81,1
1141,Dodoma,2024,Chemistry,95000,0.1,78,1
1141,Dodoma,2024,Biology,95000,0.1,44,1
1142,Dodoma,2024,Mathematics,95000,0.1,54,1
1142,Dodoma,2024,English,95000,0.1,50,1
1142,Dodoma,2024,Physics,95000,0.1,50,1
1142,Dodoma,2024,Chemistry,95000,0.1,92,1
1142,Dodoma,2024,Biology,95000,0.1,74,1
1143,Dodoma,2024,Mathematics,95000,0.1,16,0
1143,Dodoma,2024,English,95000,0.1,57,1
1143,Dodoma,2024,Physics,95000,0.1,38,0
1143,Dodoma,2024,Chemistry,95000,0.1,66,1
1143,Dodoma,2024,Biology,95000,0.1,81,1
1144,Dodoma,2024,Mathematics,95000,0.1,59,1
1144,Dodoma,2024,English,95000,0.1,43,1
1144,Dodoma,2024,Physics,95000,0.1,43,1
1144,Dodoma,2024,Chemistry,95000,0.1,74,1
1144,Dodoma,2024,Biology,95000,0.1,65,1
1145,Mwanza,2022,Mathematics,80000,0.15,55,1
1145,Mwanza,2022,English,80000,0.15,40,1
1145,Mwanza,2022,Physics,80000,0.15,58,1
1145,Mwanza,2022,Chemistry,80000,0.15,52,1
1145,Mwanza,2022,Biology,80000,0.15,53,1
1146,Mwanza,2022,Mathematics,80000,0.15,57,1
1146,Mwanza,2022,English,80000,0.15,68,1
1146,Mwanza,2022,Physics,80000,0.15,52,1
1146,Mwanza,2022,Chemistry,80000,0.15,55,1
1146,Mwanza,2022,Biology,80000,0.15,78,1
1147,Mwanza,2022,Mathematics,80000,0.15,60,1
1147,Mwanza,2022,English,80000,0.15,24,0
1147,Mwanza,2022,Physics,80000,0.15,31,0
1147,Mwanza,2022,Chemistry,80000,0.15,80,1
1147,Mwanza,2022,Biology,80000,0.15,28,0
1148,Mwanza,2022,Mathematics,80000,0.15,81,1
1148,Mwanza,2022,English,80000,0.15,71,1
1148,Mwanza,2022,Physics,80000,0.15,49,1
1148,Mwanza,2022,Chemistry,80000,0.15,75,1
1148,Mwanza,2022,Biology,80000,0.15,67,1
1149,Mwanza,2022,Mathematics,80000,0.15,53,1
1149,Mwanza,2022,English,80000,0.15,62,1
1149,Mwanza,2022,Physics,80000,0.15,41,1
1149,Mwanza,2022,Chemistry,80000,0.15,47,1
1149,Mwanza,2022,Biology,80000,0.15,83,1
1150,Mwanza,2022,Mathematics,80000,0.15,62,1
1150,Mwanza,2022,English,80000,0.15,53,1
1150,Mwanza,2022,Physics,80000,0.15,100,1
1150,Mwanza,2022,Chemistry,80000,0.15,42,1
1150,Mwanza,2022,Biology,80000,0.15,47,1
1151,Mwanza,2022,Mathematics,80000,0.15,64,1
1151,Mwanza,2022,English,80000,0.15,53,1
1151,Mwanza,2022,Physics,80000,0.15,63,1
1151,Mwanza,2022,Chemistry,80000,0.15,58,1
1151,Mwanza,2022,Biology,80000,0.15,40,1
1152,Mwanza,2022,Mathematics,80000,0.15,69,1
1152,Mwanza,2022,English,80000,0.15,70,1
1152,Mwanza,2022,Physics,80000,0.15,53,1
1152,Mwanza,2022,Chemistry,80000,0.15,41,1
1152,Mwanza,2022,Biology,80000,0.15,53,1
1153,Mwanza,2022,Mathematics,80000,0.15,72,1
1153,Mwanza,2022,English,80000,0.15,71,1
1153,Mwanza,2022,Physics,80000,0.15,43,1
1153,Mwanza,2022,Chemistry,80000,0.15,49,1
1153,Mwanza,2022,Biology,80000,0.15,67,1
1154,Mwanza,2022,Mathematics,80000,0.15,58,1
1154,Mwanza,2022,English,80000,0.15,76,1
1154,Mwanza,2022,Physics,80000,0.15,75,1
1154,Mwanza,2022,Chemistry,80000,0.15,52,1
1154,Mwanza,2022,Biology,80000,0.15,59,1
1155,Mwanza,2022,Mathematics,80000,0.15,52,1
1155,Mwanza,2022,English,80000,0.15,64,1
1155,Mwanza,2022,Physics,80000,0.15,78,1
1155,Mwanza,2022,Chemistry,80000,0.15,38,0
1155,Mwanza,2022,Biology,80000,0.15,41,1
1156,Mwanza,2022,Mathematics,80000,0.15,35,0
1156,Mwanza,2022,English,80000,0.15,54,1
1156,Mwanza,2022,Physics,80000,0.15,65,1
1156,Mwanza,2022,Chemistry,80000,0.15,38,0
1156,Mwanza,2022,Biology,80000,0.15,53,1
1157,Mwanza,2022,Mathematics,80000,0.15,51,1
1157,Mwanza,2022,English,80000,0.15,49,1
1157,Mwanza,2022,Physics,80000,0.15,55,1
1157,Mwanza,2022,Chemistry,80000,0.15,39,0
1157,Mwanza,2022,Biology,80000,0.15,94,1
1158,Mwanza,2022,Mathematics,80000,0.15,74,1
1158,Mwanza,2022,English,80000,0.15,49,1
1158,Mwanza,2022,Physics,80000,0.15,46,1
1158,Mwanza,2022,Chemistry,80000,0.15,51,1
1158,Mwanza,2022,Biology,80000,0.15,51,1
1159,Mwanza,2022,Mathematics,80000,0.15,59,1
1159,Mwanza,2022,English,80000,0.15,49,1
1159,Mwanza,2022,Physics,80000,0.15,59,1
1159,Mwanza,2022,Chemistry,80000,0.15,68,1
1159,Mwanza,2022,Biology,80000,0.15,83,1
1160,Mwanza,2022,Mathematics,80000,0.15,46,1
1160,Mwanza,2022,English,80000,0.15,40,1
1160,Mwanza,2022,Physics,80000,0.15,38,0
1160,Mwanza,2022,Chemistry,80000,0.15,36,0
1160,Mwanza,2022,Biology,80000,0.15,49,1
1161,Mwanza,2022,Mathematics,80000,0.15,71,1
1161,Mwanza,2022,English,80000,0.15,75,1
1161,Mwanza,2022,Physics,80000,0.15,66,1
1161,Mwanza,2022,Chemistry,80000,0.15,41,1
1161,Mwanza,2022,Biology,80000,0.15,72,1
1162,Mwanza,2022,Mathematics,80000,0.15,62,1
1162,Mwanza,2022,English,80000,0.15,58,1
1162,Mwanza,2022,Physics,80000,0.15,41,1
1162,Mwanza,2022,Chemistry,80000,0.15,46,1
1162,Mwanza,2022,Biology,80000,0.15,50,1
1163,Mwanza,2022,Mathematics,80000,0.15,63,1
1163,Mwanza,2022,English,80000,0.15,32,0
1163,Mwanza,2022,Physics,80000,0.15,67,1
1163,Mwanza,2022,Chemistry,80000,0.15,61,1
1163,Mwanza,2022,Biology,80000,0.15,42,1
1164,Mwanza,2022,Mathematics,80000,0.15,49,1
1164,Mwanza,2022,English,80000,0.15,83,1
1164,Mwanza,2022,Physics,80000,0.15,21,0
1164,Mwanza,2022,Chemistry,80000,0.15,42,1
1164,Mwanza,2022,Biology,80000,0.15,50,1
1165,Mwanza,2022,Mathematics,80000,0.15,53,1
1165,Mwanza,2022,English,80000,0.15,60,1
1165,Mwanza,2022,Physics,80000,0.15,46,1
1165,Mwanza,2022,Chemistry,80000,0.15,50,1
1165,Mwanza,2022,Biology,80000,0.15,43,1
1166,Mwanza,2022,Mathematics,80000,0.15,71,1
1166,Mwanza,2022,English,80000,0.15,39,0
1166,Mwanza,2022,Physics,80000,0.15,55,1
1166,Mwanza,2022,Chemistry,80000,0.15,89,1
1166,Mwanza,2022,Biology,80000,0.15,60,1
1167,Mwanza,2022,Mathematics,80000,0.15,62,1
1167,Mwanza,2022,English,80000,0.15,65,1
1167,Mwanza,2022,Physics,80000,0.15,71,1
1167,Mwanza,2022,Chemistry,80000,0.15,40,1
1167,Mwanza,2022,Biology,80000,0.15,64,1
1168,Mwanza,2022,Mathematics,80000,0.15,45,1
1168,Mwanza,2022,English,80000,0.15,58,1
1168,Mwanza,2022,Physics,80000,0.15,40,1
1168,Mwanza,2022,Chemistry,80000,0.15,62,1
1168,Mwanza,2022,Biology,80000,0.15,69,1
1169,Mwanza,2023,Mathematics,80000,0.15,56,1
1169,Mwanza,2023,English,80000,0.15,47,1
1169,Mwanza,2023,Physics,80000,0.15,86,1
1169,Mwanza,2023,Chemistry,80000,0.15,82,1
1169,Mwanza,2023,Biology,80000,0.15,39,0
1170,Mwanza,2023,Mathematics,80000,0.15,87,1
1170,Mwanza,2023,English,80000,0.15,35,0
1170,Mwanza,2023,Physics,80000,0.15,50,1
1170,Mwanza,2023,Chemistry,80000,0.15,44,1
1170,Mwanza,2023,Biology,80000,0.15,69,1
1171,Mwanza,2023,Mathematics,80000,0.15,43,1
1171,Mwanza,2023,English,80000,0.15,55,1
1171,Mwanza,2023,Physics,80000,0.15,77,1
1171,Mwanza,2023,Chemistry,80000,0.15,52,1
1171,Mwanza,2023,Biology,80000,0.15,62,1
1172,Mwanza,2023,Mathematics,80000,0.15,40,1
1172,Mwanza,2023,English,80000,0.15,59,1
1172,Mwanza,2023,Physics,80000,0.15,43,1
1172,Mwanza,2023,Chemistry,80000,0.15,36,0
1172,Mwanza,2023,Biology,80000,0.15,43,1
1173,Mwanza,2023,Mathematics,80000,0.15,73,1
1173,Mwanza,2023,English,80000,0.15,62,1
1173,Mwanza,2023,Physics,80000,0.15,60,1
1173,Mwanza,2023,Chemistry,80000,0.15,37,0
1173,Mwanza,2023,Biology,80000,0.15,66,1
1174,Mwanza,2023,Mathematics,80000,0.15,75,1
1174,Mwanza,2023,English,80000,0.15,71,1
1174,Mwanza,2023,Physics,80000,0.15,69,1
1174,Mwanza,2023,Chemistry,80000,0.15,61,1
1174,Mwanza,2023,Biology,80000,0.15,55,1
1175,Mwanza,2023,Mathematics,80000,0.15,47,1
1175,Mwanza,2023,English,80000,0.15,43,1
1175,Mwanza,2023,Physics,80000,0.15,75,1
1175,Mwanza,2023,Chemistry,80000,0.15,34,0
1175,Mwanza,2023,Biology,80000,0.15,56,1
1176,Mwanza,2023,Mathematics,80000,0.15,69,1
1176,Mwanza,2023,English,80000,0.15,52,1
1176,Mwanza,2023,Physics,80000,0.15,67,1
1176,Mwanza,2023,Chemistry,80000,0.15,38,0
1176,Mwanza,2023,Biology,80000,0.15,77,1
1177,Mwanza,2023,Mathematics,80000,0.15,49,1
1177,Mwanza,2023,English,80000,0.15,33,0
1177,Mwanza,2023,Physics,80000,0.15,43,1
1177,Mwanza,2023,Chemistry,80000,0.15,55,1
1177,Mwanza,2023,Biology,80000,0.15,51,1
1178,Mwanza,2023,Mathematics,80000,0.15,67,1
1178,Mwanza,2023,English,80000,0.15,33,0
1178,Mwanza,2023,Physics,80000,0.15,86,1
1178,Mwanza,2023,Chemistry,80000,0.15,69,1
1178,Mwanza,2023,Biology,80000,0.15,70,1
1179,Mwanza,2023,Mathematics,80000,0.15,74,1
1179,Mwanza,2023,English,80000,0.15,24,0
1179,Mwanza,2023,Physics,80000,0.15,48,1
1179,Mwanza,2023,Chemistry,80000,0.15,77,1
1179,Mwanza,2023,Biology,80000,0.15,54,1
1180,Mwanza,2023,Mathematics,80000,0.15,70,1
1180,Mwanza,2023,English,80000,0.15,76,1
1180,Mwanza,2023,Physics,80000,0.15,43,1
1180,Mwanza,2023,Chemistry,80000,0.15,46,1
1180,Mwanza,2023,Biology,80000,0.15,51,1
1181,Mwanza,2023,Mathematics,80000,0.15,52,1
1181,Mwanza,2023,English,80000,0.15,51,1
1181,Mwanza,2023,Physics,80000,0.15,78,1
1181,Mwanza,2023,Chemistry,80000,0.15,66,1
1181,Mwanza,2023,Biology,80000,0.15,69,1
1182,Mwanza,2023,Mathematics,80000,0.15,52,1
1182,Mwanza,2023,English,80000,0.15,48,1
1182,Mwanza,2023,Physics,80000,0.15,60,1
1182,Mwanza,2023,Chemistry,80000,0.15,34,0
1182,Mwanza,2023,Biology,80000,0.15,26,0
1183,Mwanza,2023,Mathematics,80000,0.15,32,0
1183,Mwanza,2023,English,80000,0.15,53,1
1183,Mwanza,2023,Physics,80000,0.15,72,1
1183,Mwanza,2023,Chemistry,80000,0.15,80,1
1183,Mwanza,2023,Biology,80000,0.15,73,1
1184,Mwanza,2023,Mathematics,80000,0.15,55,1
1184,Mwanza,2023,English,80000,0.15,92,1
1184,Mwanza,2023,Physics,80000,0.15,50,1
1184,Mwanza,2023,Chemistry,80000,0.15,45,1
1184,Mwanza,2023,Biology,80000,0.15,56,1
1185,Mwanza,2023,Mathematics,80000,0.15,72,1
1185,Mwanza,2023,English,80000,0.15,54,1
1185,Mwanza,2023,Physics,80000,0.15,69,1
1185,Mwanza,2023,Chemistry,80000,0.15,39,0
1185,Mwanza,2023,Biology,80000,0.15,61,1
1186,Mwanza,2023,Mathematics,80000,0.15,67,1
1186,Mwanza,2023,English,80000,0.15,50,1
1186,Mwanza,2023,Physics,80000,0.15,29,0
1186,Mwanza,2023,Chemistry,80000,0.15,70,1
1186,Mwanza,2023,Biology,80000,0.15,85,1
1187,Mwanza,2023,Mathematics,80000,0.15,51,1
1187,Mwanza,2023,English,80000,0.15,56,1
1187,Mwanza,2023,Physics,80000,0.15,61,1
1187,Mwanza,2023,Chemistry,80000,0.15,63,1
1187,Mwanza,2023,Biology,80000,0.15,55,1
1188,Mwanza,2023,Mathematics,80000,0.15,84,1
1188,Mwanza,2023,English,80000,0.15,53,1
1188,Mwanza,2023,Physics,80000,0.15,54,1
1188,Mwanza,2023,Chemistry,80000,0.15,64,1
1188,Mwanza,2023,Biology,80000,0.15,56,1
1189,Mwanza,2023,Mathematics,80000,0.15,22,0
1189,Mwanza,2023,English,80000,0.15,56,1
1189,Mwanza,2023,Physics,80000,0.15,78,1
1189,Mwanza,2023,Chemistry,80000,0.15,76,1
1189,Mwanza,2023,Biology,80000,0.15,57,1
1190,Mwanza,2023,Mathematics,80000,0.15,60,1
1190,Mwanza,2023,English,80000,0.15,45,1
1190,Mwanza,2023,Physics,80000,0.15,46,1
1190,Mwanza,2023,Chemistry,80000,0.15,33,0
1190,Mwanza,2023,Biology,80000,0.15,48,1
1191,Mwanza,2023,Mathematics,80000,0.15,54,1
1191,Mwanza,2023,English,80000,0.15,21,0
1191,Mwanza,2023,Physics,80000,0.15,53,1
1191,Mwanza,2023,Chemistry,80000,0.15,50,1
1191,Mwanza,2023,Biology,80000,0.15,34,0
1192,Mwanza,2023,Mathematics,80000,0.15,50,1
1192,Mwanza,2023,English,80000,0.15,44,1
1192,Mwanza,2023,Physics,80000,0.15,68,1
1192,Mwanza,2023,Chemistry,80000,0.15,47,1
1192,Mwanza,2023,Biology,80000,0.15,52,1
1193,Mwanza,2024,Mathematics,80000,0.15,40,1
1193,Mwanza,2024,English,80000,0.15,60,1
1193,Mwanza,2024,Physics,80000,0.15,25,0
1193,Mwanza,2024,Chemistry,80000,0.15,63,1
1193,Mwanza,2024,Biology,80000,0.15,64,1
1194,Mwanza,2024,Mathematics,80000,0.15,33,0
1194,Mwanza,2024,English,80000,0.15,48,1
1194,Mwanza,2024,Physics,80000,0.15,63,1
1194,Mwanza,2024,Chemistry,80000,0.15,90,1
1194,Mwanza,2024,Biology,80000,0.15,66,1
1195,Mwanza,2024,Mathematics,80000,0.15,57,1
1195,Mwanza,2024,English,80000,0.15,33,0
1195,Mwanza,2024,Physics,80000,0.15,15,0
1195,Mwanza,2024,Chemistry,80000,0.15,77,1
1195,Mwanza,2024,Biology,80000,0.15,70,1
1196,Mwanza,2024,Mathematics,80000,0.15,48,1
1196,Mwanza,2024,English,80000,0.15,35,0
1196,Mwanza,2024,Physics,80000,0.15,48,1
1196,Mwanza,2024,Chemistry,80000,0.15,35,0
1196,Mwanza,2024,Biology,80000,0.15,53,1
1197,Mwanza,2024,Mathematics,80000,0.15,56,1
1197,Mwanza,2024,English,80000,0.15,53,1
1197,Mwanza,2024,Physics,80000,0.15,39,0
1197,Mwanza,2024,Chemistry,80000,0.15,52,1
1197,Mwanza,2024,Biology,80000,0.15,46,1
1198,Mwanza,2024,Mathematics,80000,0.15,68,1
1198,Mwanza,2024,English,80000,0.15,78,1
1198,Mwanza,2024,Physics,80000,0.15,72,1
1198,Mwanza,2024,Chemistry,80000,0.15,59,1
1198,Mwanza,2024,Biology,80000,0.15,51,1
1199,Mwanza,2024,Mathematics,80000,0.15,72,1
1199,Mwanza,2024,English,80000,0.15,61,1
1199,Mwanza,2024,Physics,80000,0.15,50,1
1199,Mwanza,2024,Chemistry,80000,0.15,38,0
1199,Mwanza,2024,Biology,80000,0.15,56,1
1200,Mwanza,2024,Mathematics,80000,0.15,51,1
1200,Mwanza,2024,English,80000,0.15,63,1
1200,Mwanza,2024,Physics,80000,0.15,31,0
1200,Mwanza,2024,Chemistry,80000,0.15,50,1
1200,Mwanza,2024,Biology,80000,0.15,42,1
1201,Mwanza,2024,Mathematics,80000,0.15,46,1
1201,Mwanza,2024,English,80000,0.15,44,1
1201,Mwanza,2024,Physics,80000,0.15,81,1
1201,Mwanza,2024,Chemistry,80000,0.15,48,1
1201,Mwanza,2024,Biology,80000,0.15,40,1
1202,Mwanza,2024,Mathematics,80000,0.15,67,1
1202,Mwanza,2024,English,80000,0.15,46,1
1202,Mwanza,2024,Physics,80000,0.15,30,0
1202,Mwanza,2024,Chemistry,80000,0.15,63,1
1202,Mwanza,2024,Biology,80000,0.15,69,1
1203,Mwanza,2024,Mathematics,80000,0.15,62,1
1203,Mwanza,2024,English,80000,0.15,46,1
1203,Mwanza,2024,Physics,80000,0.15,74,1
1203,Mwanza,2024,Chemistry,80000,0.15,49,1
1203,Mwanza,2024,Biology,80000,0.15,63,1
1204,Mwanza,2024,Mathematics,80000,0.15,61,1
1204,Mwanza,2024,English,80000,0.15,82,1
1204,Mwanza,2024,Physics,80000,0.15,38,0
1204,Mwanza,2024,Chemistry,80000,0.15,61,1
1204,Mwanza,2024,Biology,80000,0.15,67,1
1205,Mwanza,2024,Mathematics,80000,0.15,63,1
1205,Mwanza,2024,English,80000,0.15,50,1
1205,Mwanza,2024,Physics,80000,0.15,41,1
1205,Mwanza,2024,Chemistry,80000,0.15,52,1
1205,Mwanza,2024,Biology,80000,0.15,56,1
1206,Mwanza,2024,Mathematics,80000,0.15,58,1
1206,Mwanza,2024,English,80000,0.15,100,1
1206,Mwanza,2024,Physics,80000,0.15,95,1
1206,Mwanza,2024,Chemistry,80000,0.15,45,1
1206,Mwanza,2024,Biology,80000,0.15,52,1
1207,Mwanza,2024,Mathematics,80000,0.15,58,1
1207,Mwanza,2024,English,80000,0.15,41,1
1207,Mwanza,2024,Physics,80000,0.15,53,1
1207,Mwanza,2024,Chemistry,80000,0.15,73,1
1207,Mwanza,2024,Biology,80000,0.15,69,1
1208,Mwanza,2024,Mathematics,80000,0.15,56,1
1208,Mwanza,2024,English,80000,0.15,48,1
1208,Mwanza,2024,Physics,80000,0.15,67,1
1208,Mwanza,2024,Chemistry,80000,0.15,60,1
1208,Mwanza,2024,Biology,80000,0.15,68,1
1209,Mwanza,2024,Mathematics,80000,0.15,48,1
1209,Mwanza,2024,English,80000,0.15,58,1
1209,Mwanza,2024,Physics,80000,0.15,63,1
1209,Mwanza,2024,Chemistry,80000,0.15,41,1
1209,Mwanza,2024,Biology,80000,0.15,55,1
1210,Mwanza,2024,Mathematics,80000,0.15,87,1
1210,Mwanza,2024,English,80000,0.15,47,1
1210,Mwanza,2024,Physics,80000,0.15,58,1
1210,Mwanza,2024,Chemistry,80000,0.15,49,1
1210,Mwanza,2024,Biology,80000,0.15,41,1
1211,Mwanza,2024,Mathematics,80000,0.15,52,1
1211,Mwanza,2024,English,80000,0.15,47,1
1211,Mwanza,2024,Physics,80000,0.15,79,1
1211,Mwanza,2024,Chemistry,80000,0.15,50,1
1211,Mwanza,2024,Biology,80000,0.15,60,1
1212,Mwanza,2024,Mathematics,80000,0.15,48,1
1212,Mwanza,2024,English,80000,0.15,37,0
1212,Mwanza,2024,Physics,80000,0.15,55,1
1212,Mwanza,2024,Chemistry,80000,0.15,44,1
1212,Mwanza,2024,Biology,80000,0.15,43,1
1213,Mwanza,2024,Mathematics,80000,0.15,49,1
1213,Mwanza,2024,English,80000,0.15,54,1
1213,Mwanza,2024,Physics,80000,0.15,56,1
1213,Mwanza,2024,Chemistry,80000,0.15,57,1
1213,Mwanza,2024,Biology,80000,0.15,68,1
1214,Mwanza,2024,Mathematics,80000,0.15,21,0
1214,Mwanza,2024,English,80000,0.15,58,1
1214,Mwanza,2024,Physics,80000,0.15,63,1
1214,Mwanza,2024,Chemistry,80000,0.15,56,1
1214,Mwanza,2024,Biology,80000,0.15,69,1
1215,Mwanza,2024,Mathematics,80000,0.15,12,0
1215,Mwanza,2024,English,80000,0.15,35,0
1215,Mwanza,2024,Physics,80000,0.15,69,1
1215,Mwanza,2024,Chemistry,80000,0.15,40,1
1215,Mwanza,2024,Biology,80000,0.15,69,1
1216,Mwanza,2024,Mathematics,80000,0.15,64,1
1216,Mwanza,2024,English,80000,0.15,61,1
1216,Mwanza,2024,Physics,80000,0.15,56,1
1216,Mwanza,2024,Chemistry,80000,0.15,59,1
1216,Mwanza,2024,Biology,80000,0.15,39,0
1217,Tabora,2022,Mathematics,55000,0.28,36,0
1217,Tabora,2022,English,55000,0.28,41,1
1217,Tabora,2022,Physics,55000,0.28,61,1
1217,Tabora,2022,Chemistry,55000,0.28,29,0
1217,Tabora,2022,Biology,55000,0.28,71,1
1218,Tabora,2022,Mathematics,55000,0.28,29,0
1218,Tabora,2022,English,55000,0.28,53,1
1218,Tabora,2022,Physics,55000,0.28,42,1
1218,Tabora,2022,Chemistry,55000,0.28,45,1
1218,Tabora,2022,Biology,55000,0.28,18,0
1219,Tabora,2022,Mathematics,55000,0.28,47,1
1219,Tabora,2022,English,55000,0.28,57,1
1219,Tabora,2022,Physics,55000,0.28,55,1
1219,Tabora,2022,Chemistry,55000,0.28,37,0
1219,Tabora,2022,Biology,55000,0.28,67,1
1220,Tabora,2022,Mathematics,55000,0.28,42,1
1220,Tabora,2022,English,55000,0.28,64,1
1220,Tabora,2022,Physics,55000,0.28,52,1
1220,Tabora,2022,Chemistry,55000,0.28,47,1
1220,Tabora,2022,Biology,55000,0.28,4,0
1221,Tabora,2022,Mathematics,55000,0.28,59,1
1221,Tabora,2022,English,55000,0.28,50,1
1221,Tabora,2022,Physics,55000,0.28,20,0
1221,Tabora,2022,Chemistry,55000,0.28,73,1
1221,Tabora,2022,Biology,55000,0.28,42,1
1222,Tabora,2022,Mathematics,55000,0.28,39,0
1222,Tabora,2022,English,55000,0.28,45,1
1222,Tabora,2022,Physics,55000,0.28,35,0
1222,Tabora,2022,Chemistry,55000,0.28,28,0
1222,Tabora,2022,Biology,55000,0.28,23,0
1223,Tabora,2022,Mathematics,55000,0.28,55,1
1223,Tabora,2022,English,55000,0.28,43,1
1223,Tabora,2022,Physics,55000,0.28,49,1
1223,Tabora,2022,Chemistry,55000,0.28,51,1
1223,Tabora,2022,Biology,55000,0.28,41,1
1224,Tabora,2022,Mathematics,55000,0.28,45,1
1224,Tabora,2022,English,55000,0.28,29,0
1224,Tabora,2022,Physics,55000,0.28,35,0
1224,Tabora,2022,Chemistry,55000,0.28,37,0
1224,Tabora,2022,Biology,55000,0.28,52,1
1225,Tabora,2022,Mathematics,55000,0.28,68,1
1225,Tabora,2022,English,55000,0.28,39,0
1225,Tabora,2022,Physics,55000,0.28,52,1
1225,Tabora,2022,Chemistry,55000,0.28,54,1
1225,Tabora,2022,Biology,55000,0.28,25,0
1226,Tabora,2022,Mathematics,55000,0.28,51,1
1226,Tabora,2022,English,55000,0.28,40,1
1226,Tabora,2022,Physics,55000,0.28,57,1
1226,Tabora,2022,Chemistry,55000,0.28,47,1
1226,Tabora,2022,Biology,55000,0.28,50,1
1227,Tabora,2022,Mathematics,55000,0.28,37,0
1227,Tabora,2022,English,55000,0.28,66,1
1227,Tabora,2022,Physics,55000,0.28,28,0
1227,Tabora,2022,Chemistry,55000,0.28,72,1
1227,Tabora,2022,Biology,55000,0.28,57,1
1228,Tabora,2022,Mathematics,55000,0.28,58,1
1228,Tabora,2022,English,55000,0.28,25,0
1228,Tabora,2022,Physics,55000,0.28,86,1
1228,Tabora,2022,Chemistry,55000,0.28,36,0
1228,Tabora,2022,Biology,55000,0.28,27,0
1229,Tabora,2022,Mathematics,55000,0.28,21,0
1229,Tabora,2022,English,55000,0.28,64,1
1229,Tabora,2022,Physics,55000,0.28,21,0
1229,Tabora,2022,Chemistry,55000,0.28,36,0
1229,Tabora,2022,Biology,55000,0.28,8,0
1230,Tabora,2022,Mathematics,55000,0.28,31,0
1230,Tabora,2022,English,55000,0.28,33,0
1230,Tabora,2022,Physics,55000,0.28,51,1
1230,Tabora,2022,Chemistry,55000,0.28,51,1
1230,Tabora,2022,Biology,55000,0.28,28,0
1231,Tabora,2022,Mathematics,55000,0.28,46,1
1231,Tabora,2022,English,55000,0.28,69,1
1231,Tabora,2022,Physics,55000,0.28,90,1
1231,Tabora,2022,Chemistry,55000,0.28,66,1
1231,Tabora,2022,Biology,55000,0.28,7,0
1232,Tabora,2022,Mathematics,55000,0.28,44,1
1232,Tabora,2022,English,55000,0.28,48,1
1232,Tabora,2022,Physics,55000,0.28,33,0
1232,Tabora,2022,Chemistry,55000,0.28,40,1
1232,Tabora,2022,Biology,55000,0.28,41,1
1233,Tabora,2022,Mathematics,55000,0.28,31,0
1233,Tabora,2022,English,55000,0.28,59,1
1233,Tabora,2022,Physics,55000,0.28,41,1
1233,Tabora,2022,Chemistry,55000,0.28,32,0
1233,Tabora,2022,Biology,55000,0.28,46,1
1234,Tabora,2022,Mathematics,55000,0.28,43,1
1234,Tabora,2022,English,55000,0.28,23,0
1234,Tabora,2022,Physics,55000,0.28,42,1
1234,Tabora,2022,Chemistry,55000,0.28,22,0
1234,Tabora,2022,Biology,55000,0.28,62,1
1235,Tabora,2022,Mathematics,55000,0.28,42,1
1235,Tabora,2022,English,55000,0.28,44,1
1235,Tabora,2022,Physics,55000,0.28,51,1
1235,Tabora,2022,Chemistry,55000,0.28,46,1
1235,Tabora,2022,Biology,55000,0.28,34,0
1236,Tabora,2022,Mathematics,55000,0.28,58,1
1236,Tabora,2022,English,55000,0.28,27,0
1236,Tabora,2022,Physics,55000,0.28,48,1
1236,Tabora,2022,Chemistry,55000,0.28,33,0
1236,Tabora,2022,Biology,55000,0.28,69,1
1237,Tabora,2022,Mathematics,55000,0.28,32,0
1237,Tabora,2022,English,55000,0.28,22,0
1237,Tabora,2022,Physics,55000,0.28,48,1
1237,Tabora,2022,Chemistry,55000,0.28,51,1
1237,Tabora,2022,Biology,55000,0.28,56,1
1238,Tabora,2022,Mathematics,55000,0.28,40,1
1238,Tabora,2022,English,55000,0.28,31,0
1238,Tabora,2022,Physics,55000,0.28,27,0
1238,Tabora,2022,Chemistry,55000,0.28,52,1
1238,Tabora,2022,Biology,55000,0.28,63,1
1239,Tabora,2022,Mathematics,55000,0.28,53,1
1239,Tabora,2022,English,55000,0.28,72,1
1239,Tabora,2022,Physics,55000,0.28,67,1
1239,Tabora,2022,Chemistry,55000,0.28,61,1
1239,Tabora,2022,Biology,55000,0.28,31,0
1240,Tabora,2022,Mathematics,55000,0.28,50,1
1240,Tabora,2022,English,55000,0.28,30,0
1240,Tabora,2022,Physics,55000,0.28,28,0
1240,Tabora,2022,Chemistry,55000,0.28,27,0
1240,Tabora,2022,Biology,55000,0.28,70,1
1241,Tabora,2023,Mathematics,55000,0.28,43,1
1241,Tabora,2023,English,55000,0.28,32,0
1241,Tabora,2023,Physics,55000,0.28,46,1
1241,Tabora,2023,Chemistry,55000,0.28,48,1
1241,Tabora,2023,Biology,55000,0.28,35,0
1242,Tabora,2023,Mathematics,55000,0.28,25,0
1242,Tabora,2023,English,55000,0.28,33,0
1242,Tabora,2023,Physics,55000,0.28,52,1
1242,Tabora,2023,Chemistry,55000,0.28,4,0
1242,Tabora,2023,Biology,55000,0.28,0,0
1243,Tabora,2023,Mathematics,55000,0.28,53,1
1243,Tabora,2023,English,55000,0.28,54,1
1243,Tabora,2023,Physics,55000,0.28,39,0
1243,Tabora,2023,Chemistry,55000,0.28,43,1
1243,Tabora,2023,Biology,55000,0.28,65,1
1244,Tabora,2023,Mathematics,55000,0.28,40,1
1244,Tabora,2023,English,55000,0.28,19,0
1244,Tabora,2023,Physics,55000,0.28,59,1
1244,Tabora,2023,Chemistry,55000,0.28,67,1
1244,Tabora,2023,Biology,55000,0.28,48,1
1245,Tabora,2023,Mathematics,55000,0.28,33,0
1245,Tabora,2023,English,55000,0.28,41,1
1245,Tabora,2023,Physics,55000,0.28,48,1
1245,Tabora,2023,Chemistry,55000,0.28,21,0
1245,Tabora,2023,Biology,55000,0.28,46,1
1246,Tabora,2023,Mathematics,55000,0.28,14,0
1246,Tabora,2023,English,55000,0.28,71,1
1246,Tabora,2023,Physics,55000,0.28,51,1
1246,Tabora,2023,Chemistry,55000,0.28,72,1
1246,Tabora,2023,Biology,55000,0.28,64,1
1247,Tabora,2023,Mathematics,55000,0.28,60,1
1247,Tabora,2023,English,55000,0.28,43,1
1247,Tabora,2023,Physics,55000,0.28,0,0
1247,Tabora,2023,Chemistry,55000,0.28,65,1
1247,Tabora,2023,Biology,55000,0.28,50,1
1248,Tabora,2023,Mathematics,55000,0.28,23,0
1248,Tabora,2023,English,55000,0.28,39,0
1248,Tabora,2023,Physics,55000,0.28,34,0
1248,Tabora,2023,Chemistry,55000,0.28,43,1
1248,Tabora,2023,Biology,55000,0.28,48,1
1249,Tabora,2023,Mathematics,55000,0.28,29,0
1249,Tabora,2023,English,55000,0.28,42,1
1249,Tabora,2023,Physics,55000,0.28,39,0
1249,Tabora,2023,Chemistry,55000,0.28,79,1
1249,Tabora,2023,Biology,55000,0.28,79,1
1250,Tabora,2023,Mathematics,55000,0.28,69,1
1250,Tabora,2023,English,55000,0.28,79,1
1250,Tabora,2023,Physics,55000,0.28,39,0
1250,Tabora,2023,Chemistry,55000,0.28,47,1
1250,Tabora,2023,Biology,55000,0.28,72,1
1251,Tabora,2023,Mathematics,55000,0.28,38,0
1251,Tabora,2023,English,55000,0.28,28,0
1251,Tabora,2023,Physics,55000,0.28,27,0
1251,Tabora,2023,Chemistry,55000,0.28,54,1
1251,Tabora,2023,Biology,55000,0.28,63,1
1252,Tabora,2023,Mathematics,55000,0.28,53,1
1252,Tabora,2023,English,55000,0.28,21,0
1252,Tabora,2023,Physics,55000,0.28,71,1
1252,Tabora,2023,Chemistry,55000,0.28,44,1
1252,Tabora,2023,Biology,55000,0.28,20,0
1253,Tabora,2023,Mathematics,55000,0.28,36,0
1253,Tabora,2023,English,55000,0.28,28,0
1253,Tabora,2023,Physics,55000,0.28,48,1
1253,Tabora,2023,Chemistry,55000,0.28,58,1
1253,Tabora,2023,Biology,55000,0.28,49,1
1254,Tabora,2023,Mathematics,55000,0.28,32,0
1254,Tabora,2023,English,55000,0.28,30,0
1254,Tabora,2023,Physics,55000,0.28,47,1
1254,Tabora,2023,Chemistry,55000,0.28,63,1
1254,Tabora,2023,Biology,55000,0.28,60,1
1255,Tabora,2023,Mathematics,55000,0.28,52,1
1255,Tabora,2023,English,55000,0.28,27,0
1255,Tabora,2023,Physics,55000,0.28,55,1
1255,Tabora,2023,Chemistry,55000,0.28,64,1
1255,Tabora,2023,Biology,55000,0.28,65,1
1256,Tabora,2023,Mathematics,55000,0.28,73,1
1256,Tabora,2023,English,55000,0.28,45,1
1256,Tabora,2023,Physics,55000,0.28,63,1
1256,Tabora,2023,Chemistry,55000,0.28,30,0
1256,Tabora,2023,Biology,55000,0.28,54,1
1257,Tabora,2023,Mathematics,55000,0.28,28,0
1257,Tabora,2023,English,55000,0.28,19,0
1257,Tabora,2023,Physics,55000,0.28,52,1
1257,Tabora,2023,Chemistry,55000,0.28,54,1
1257,Tabora,2023,Biology,55000,0.28,30,0
1258,Tabora,2023,Mathematics,55000,0.28,20,0
1258,Tabora,2023,English,55000,0.28,48,1
1258,Tabora,2023,Physics,55000,0.28,48,1
1258,Tabora,2023,Chemistry,55000,0.28,57,1
1258,Tabora,2023,Biology,55000,0.28,55,1
1259,Tabora,2023,Mathematics,55000,0.28,45,1
1259,Tabora,2023,English,55000,0.28,15,0
1259,Tabora,2023,Physics,55000,0.28,60,1
1259,Tabora,2023,Chemistry,55000,0.28,55,1
1259,Tabora,2023,Biology,55000,0.28,21,0
1260,Tabora,2023,Mathematics,55000,0.28,54,1
1260,Tabora,2023,English,55000,0.28,20,0
1260,Tabora,2023,Physics,55000,0.28,60,1
1260,Tabora,2023,Chemistry,55000,0.28,62,1
1260,Tabora,2023,Biology,55000,0.28,60,1
1261,Tabora,2023,Mathematics,55000,0.28,57,1
1261,Tabora,2023,English,55000,0.28,38,0
1261,Tabora,2023,Physics,55000,0.28,60,1
1261,Tabora,2023,Chemistry,55000,0.28,55,1
1261,Tabora,2023,Biology,55000,0.28,49,1
1262,Tabora,2023,Mathematics,55000,0.28,23,0
1262,Tabora,2023,English,55000,0.28,39,0
1262,Tabora,2023,Physics,55000,0.28,62,1
1262,Tabora,2023,Chemistry,55000,0.28,44,1
1262,Tabora,2023,Biology,55000,0.28,52,1
1263,Tabora,2023,Mathematics,55000,0.28,40,1
1263,Tabora,2023,English,55000,0.28,44,1
1263,Tabora,2023,Physics,55000,0.28,1,0
1263,Tabora,2023,Chemistry,55000,0.28,40,1
1263,Tabora,2023,Biology,55000,0.28,69,1
1264,Tabora,2023,Mathematics,55000,0.28,68,1
1264,Tabora,2023,English,55000,0.28,32,0
1264,Tabora,2023,Physics,55000,0.28,23,0
1264,Tabora,2023,Chemistry,55000,0.28,52,1
1264,Tabora,2023,Biology,55000,0.28,43,1
1265,Tabora,2024,Mathematics,55000,0.28,67,1
1265,Tabora,2024,English,55000,0.28,55,1
1265,Tabora,2024,Physics,55000,0.28,28,0
1265,Tabora,2024,Chemistry,55000,0.28,46,1
1265,Tabora,2024,Biology,55000,0.28,19,0
1266,Tabora,2024,Mathematics,55000,0.28,37,0
1266,Tabora,2024,English,55000,0.28,32,0
1266,Tabora,2024,Physics,55000,0.28,46,1
1266,Tabora,2024,Chemistry,55000,0.28,27,0
1266,Tabora,2024,Biology,55000,0.28,61,1
1267,Tabora,2024,Mathematics,55000,0.28,68,1
1267,Tabora,2024,English,55000,0.28,56,1
1267,Tabora,2024,Physics,55000,0.28,53,1
1267,Tabora,2024,Chemistry,55000,0.28,46,1
1267,Tabora,2024,Biology,55000,0.28,33,0
1268,Tabora,2024,Mathematics,55000,0.28,37,0
1268,Tabora,2024,English,55000,0.28,64,1
1268,Tabora,2024,Physics,55000,0.28,63,1
1268,Tabora,2024,Chemistry,55000,0.28,60,1
1268,Tabora,2024,Biology,55000,0.28,41,1
1269,Tabora,2024,Mathematics,55000,0.28,50,1
1269,Tabora,2024,English,55000,0.28,53,1
1269,Tabora,2024,Physics,55000,0.28,63,1
1269,Tabora,2024,Chemistry,55000,0.28,22,0
1269,Tabora,2024,Biology,55000,0.28,46,1
1270,Tabora,2024,Mathematics,55000,0.28,51,1
1270,Tabora,2024,English,55000,0.28,60,1
1270,Tabora,2024,Physics,55000,0.28,51,1
1270,Tabora,2024,Chemistry,55000,0.28,30,0
1270,Tabora,2024,Biology,55000,0.28,36,0
1271,Tabora,2024,Mathematics,55000,0.28,18,0
1271,Tabora,2024,English,55000,0.28,30,0
1271,Tabora,2024,Physics,55000,0.28,75,1
1271,Tabora,2024,Chemistry,55000,0.28,51,1
1271,Tabora,2024,Biology,55000,0.28,37,0
1272,Tabora,2024,Mathematics,55000,0.28,54,1
1272,Tabora,2024,English,55000,0.28,13,0
1272,Tabora,2024,Physics,55000,0.28,34,0
1272,Tabora,2024,Chemistry,55000,0.28,36,0
1272,Tabora,2024,Biology,55000,0.28,61,1
1273,Tabora,2024,Mathematics,55000,0.28,56,1
1273,Tabora,2024,English,55000,0.28,51,1
1273,Tabora,2024,Physics,55000,0.28,60,1
1273,Tabora,2024,Chemistry,55000,0.28,74,1
1273,Tabora,2024,Biology,55000,0.28,64,1
1274,Tabora,2024,Mathematics,55000,0.28,50,1
1274,Tabora,2024,English,55000,0.28,37,0
1274,Tabora,2024,Physics,55000,0.28,58,1
1274,Tabora,2024,Chemistry,55000,0.28,29,0
1274,Tabora,2024,Biology,55000,0.28,40,1
1275,Tabora,2024,Mathematics,55000,0.28,28,0
1275,Tabora,2024,English,55000,0.28,36,0
1275,Tabora,2024,Physics,55000,0.28,63,1
1275,Tabora,2024,Chemistry,55000,0.28,26,0
1275,Tabora,2024,Biology,55000,0.28,30,0
1276,Tabora,2024,Mathematics,55000,0.28,49,1
1276,Tabora,2024,English,55000,0.28,75,1
1276,Tabora,2024,Physics,55000,0.28,13,0
1276,Tabora,2024,Chemistry,55000,0.28,60,1
1276,Tabora,2024,Biology,55000,0.28,20,0
1277,Tabora,2024,Mathematics,55000,0.28,46,1
1277,Tabora,2024,English,55000,0.28,59,1
1277,Tabora,2024,Physics,55000,0.28,46,1
1277,Tabora,2024,Chemistry,55000,0.28,41,1
1277,Tabora,2024,Biology,55000,0.28,23,0
1278,Tabora,2024,Mathematics,55000,0.28,40,1
1278,Tabora,2024,English,55000,0.28,54,1
1278,Tabora,2024,Physics,55000,0.28,45,1
1278,Tabora,2024,Chemistry,55000,0.28,65,1
1278,Tabora,2024,Biology,55000,0.28,53,1
1279,Tabora,2024,Mathematics,55000,0.28,49,1
1279,Tabora,2024,English,55000,0.28,55,1
1279,Tabora,2024,Physics,55000,0.28,38,0
1279,Tabora,2024,Chemistry,55000,0.28,18,0
1279,Tabora,2024,Biology,55000,0.28,52,1
1280,Tabora,2024,Mathematics,55000,0.28,51,1
1280,Tabora,2024,English,55000,0.28,50,1
1280,Tabora,2024,Physics,55000,0.28,52,1
1280,Tabora,2024,Chemistry,55000,0.28,3,0
1280,Tabora,2024,Biology,55000,0.28,32,0
1281,Tabora,2024,Mathematics,55000,0.28,42,1
1281,Tabora,2024,English,55000,0.28,49,1
1281,Tabora,2024,Physics,55000,0.28,57,1
1281,Tabora,2024,Chemistry,55000,0.28,18,0
1281,Tabora,2024,Biology,55000,0.28,43,1
1282,Tabora,2024,Mathematics,55000,0.28,48,1
1282,Tabora,2024,English,55000,0.28,19,0
1282,Tabora,2024,Physics,55000,0.28,40,1
1282,Tabora,2024,Chemistry,55000,0.28,64,1
1282,Tabora,2024,Biology,55000,0.28,47,1
1283,Tabora,2024,Mathematics,55000,0.28,46,1
1283,Tabora,2024,English,55000,0.28,64,1
1283,Tabora,2024,Physics,55000,0.28,71,1
1283,Tabora,2024,Chemistry,55000,0.28,50,1
1283,Tabora,2024,Biology,55000,0.28,48,1
1284,Tabora,2024,Mathematics,55000,0.28,31,0
1284,Tabora,2024,English,55000,0.28,34,0
1284,Tabora,2024,Physics,55000,0.28,40,1
1284,Tabora,2024,Chemistry,55000,0.28,72,1
1284,Tabora,2024,Biology,55000,0.28,57,1
1285,Tabora,2024,Mathematics,55000,0.28,66,1
1285,Tabora,2024,English,55000,0.28,26,0
1285,Tabora,2024,Physics,55000,0.28,31,0
1285,Tabora,2024,Chemistry,55000,0.28,47,1
1285,Tabora,2024,Biology,55000,0.28,43,1
1286,Tabora,2024,Mathematics,55000,0.28,48,1
1286,Tabora,2024,English,55000,0.28,44,1
1286,Tabora,2024,Physics,55000,0.28,52,1
1286,Tabora,2024,Chemistry,55000,0.28,69,1
1286,Tabora,2024,Biology,55000,0.28,47,1
1287,Tabora,2024,Mathematics,55000,0.28,25,0
1287,Tabora,2024,English,55000,0.28,51,1
1287,Tabora,2024,Physics,55000,0.28,49,1
1287,Tabora,2024,Chemistry,55000,0.28,55,1
1287,Tabora,2024,Biology,55000,0.28,25,0
1288,Tabora,2024,Mathematics,55000,0.28,25,0
1288,Tabora,2024,English,55000,0.28,51,1
1288,Tabora,2024,Physics,55000,0.28,30,0
1288,Tabora,2024,Chemistry,55000,0.28,60,1
1288,Tabora,2024,Biology,55000,0.28,33,0
1289,Katavi,2022,Mathematics,45000,0.35,33,0
1289,Katavi,2022,English,45000,0.35,55,1
1289,Katavi,2022,Physics,45000,0.35,92,1
1289,Katavi,2022,Chemistry,45000,0.35,60,1
1289,Katavi,2022,Biology,45000,0.35,89,1
1290,Katavi,2022,Mathematics,45000,0.35,38,0
1290,Katavi,2022,English,45000,0.35,39,0
1290,Katavi,2022,Physics,45000,0.35,75,1
1290,Katavi,2022,Chemistry,45000,0.35,49,1
1290,Katavi,2022,Biology,45000,0.35,44,1
1291,Katavi,2022,Mathematics,45000,0.35,23,0
1291,Katavi,2022,English,45000,0.35,69,1
1291,Katavi,2022,Physics,45000,0.35,13,0
1291,Katavi,2022,Chemistry,45000,0.35,26,0
1291,Katavi,2022,Biology,45000,0.35,70,1
1292,Katavi,2022,Mathematics,45000,0.35,49,1
1292,Katavi,2022,English,45000,0.35,31,0
1292,Katavi,2022,Physics,45000,0.35,41,1
1292,Katavi,2022,Chemistry,45000,0.35,29,0
1292,Katavi,2022,Biology,45000,0.35,42,1
1293,Katavi,2022,Mathematics,45000,0.35,39,0
1293,Katavi,2022,English,45000,0.35,53,1
1293,Katavi,2022,Physics,45000,0.35,47,1
1293,Katavi,2022,Chemistry,45000,0.35,32,0
1293,Katavi,2022,Biology,45000,0.35,71,1
1294,Katavi,2022,Mathematics,45000,0.35,24,0
1294,Katavi,2022,English,45000,0.35,5,0
1294,Katavi,2022,Physics,45000,0.35,24,0
1294,Katavi,2022,Chemistry,45000,0.35,71,1
1294,Katavi,2022,Biology,45000,0.35,7,0
1295,Katavi,2022,Mathematics,45000,0.35,38,0
1295,Katavi,2022,English,45000,0.35,44,1
1295,Katavi,2022,Physics,45000,0.35,61,1
1295,Katavi,2022,Chemistry,45000,0.35,78,1
1295,Katavi,2022,Biology,45000,0.35,38,0
1296,Katavi,2022,Mathematics,45000,0.35,36,0
1296,Katavi,2022,English,45000,0.35,70,1
1296,Katavi,2022,Physics,45000,0.35,26,0
1296,Katavi,2022,Chemistry,45000,0.35,48,1
1296,Katavi,2022,Biology,45000,0.35,55,1
1297,Katavi,2022,Mathematics,45000,0.35,33,0
1297,Katavi,2022,English,45000,0.35,4,0
1297,Katavi,2022,Physics,45000,0.35,84,1
1297,Katavi,2022,Chemistry,45000,0.35,36,0
1297,Katavi,2022,Biology,45000,0.35,81,1
1298,Katavi,2022,Mathematics,45000,0.35,18,0
1298,Katavi,2022,English,45000,0.35,50,1
1298,Katavi,2022,Physics,45000,0.35,39,0
1298,Katavi,2022,Chemistry,45000,0.35,49,1
1298,Katavi,2022,Biology,45000,0.35,43,1
1299,Katavi,2022,Mathematics,45000,0.35,32,0
1299,Katavi,2022,English,45000,0.35,21,0
1299,Katavi,2022,Physics,45000,0.35,39,0
1299,Katavi,2022,Chemistry,45000,0.35,50,1
1299,Katavi,2022,Biology,45000,0.35,40,1
1300,Katavi,2022,Mathematics,45000,0.35,41,1
1300,Katavi,2022,English,45000,0.35,78,1
1300,Katavi,2022,Physics,45000,0.35,34,0
1300,Katavi,2022,Chemistry,45000,0.35,32,0
1300,Katavi,2022,Biology,45000,0.35,39,0
1301,Katavi,2022,Mathematics,45000,0.35,29,0
1301,Katavi,2022,English,45000,0.35,17,0
1301,Katavi,2022,Physics,45000,0.35,46,1
1301,Katavi,2022,Chemistry,45000,0.35,28,0
1301,Katavi,2022,Biology,45000,0.35,54,1
1302,Katavi,2022,Mathematics,45000,0.35,45,1
1302,Katavi,2022,English,45000,0.35,8,0
1302,Katavi,2022,Physics,45000,0.35,27,0
1302,Katavi,2022,Chemistry,45000,0.35,27,0
1302,Katavi,2022,Biology,45000,0.35,24,0
1303,Katavi,2022,Mathematics,45000,0.35,63,1
1303,Katavi,2022,English,45000,0.35,69,1
1303,Katavi,2022,Physics,45000,0.35,41,1
1303,Katavi,2022,Chemistry,45000,0.35,53,1
1303,Katavi,2022,Biology,45000,0.35,41,1
1304,Katavi,2022,Mathematics,45000,0.35,26,0
1304,Katavi,2022,English,45000,0.35,60,1
1304,Katavi,2022,Physics,45000,0.35,51,1
1304,Katavi,2022,Chemistry,45000,0.35,27,0
1304,Katavi,2022,Biology,45000,0.35,53,1
1305,Katavi,2022,Mathematics,45000,0.35,33,0
1305,Katavi,2022,English,45000,0.35,31,0
1305,Katavi,2022,Physics,45000,0.35,37,0
1305,Katavi,2022,Chemistry,45000,0.35,51,1
1305,Katavi,2022,Biology,45000,0.35,24,0
1306,Katavi,2022,Mathematics,45000,0.35,54,1
1306,Katavi,2022,English,45000,0.35,27,0
1306,Katavi,2022,Physics,45000,0.35,41,1
1306,Katavi,2022,Chemistry,45000,0.35,27,0
1306,Katavi,2022,Biology,45000,0.35,45,1
1307,Katavi,2022,Mathematics,45000,0.35,38,0
1307,Katavi,2022,English,45000,0.35,49,1
1307,Katavi,2022,Physics,45000,0.35,56,1
1307,Katavi,2022,Chemistry,45000,0.35,49,1
1307,Katavi,2022,Biology,45000,0.35,27,0
1308,Katavi,2022,Mathematics,45000,0.35,32,0
1308,Katavi,2022,English,45000,0.35,25,0
1308,Katavi,2022,Physics,45000,0.35,54,1
1308,Katavi,2022,Chemistry,45000,0.35,55,1
1308,Katavi,2022,Biology,45000,0.35,25,0
1309,Katavi,2022,Mathematics,45000,0.35,40,1
1309,Katavi,2022,English,45000,0.35,25,0
1309,Katavi,2022,Physics,45000,0.35,33,0
1309,Katavi,2022,Chemistry,45000,0.35,17,0
1309,Katavi,2022,Biology,45000,0.35,66,1
1310,Katavi,2022,Mathematics,45000,0.35,88,1
1310,Katavi,2022,English,45000,0.35,56,1
1310,Katavi,2022,Physics,45000,0.35,58,1
1310,Katavi,2022,Chemistry,45000,0.35,64,1
1310,Katavi,2022,Biology,45000,0.35,43,1
1311,Katavi,2022,Mathematics,45000,0.35,71,1
1311,Katavi,2022,English,45000,0.35,18,0
1311,Katavi,2022,Physics,45000,0.35,28,0
1311,Katavi,2022,Chemistry,45000,0.35,48,1
1311,Katavi,2022,Biology,45000,0.35,62,1
1312,Katavi,2022,Mathematics,45000,0.35,21,0
1312,Katavi,2022,English,45000,0.35,26,0
1312,Katavi,2022,Physics,45000,0.35,47,1
1312,Katavi,2022,Chemistry,45000,0.35,44,1
1312,Katavi,2022,Biology,45000,0.35,4,0
1313,Katavi,2023,Mathematics,45000,0.35,53,1
1313,Katavi,2023,English,45000,0.35,50,1
1313,Katavi,2023,Physics,45000,0.35,26,0
1313,Katavi,2023,Chemistry,45000,0.35,50,1
1313,Katavi,2023,Biology,45000,0.35,55,1
1314,Katavi,2023,Mathematics,45000,0.35,41,1
1314,Katavi,2023,English,45000,0.35,40,1
1314,Katavi,2023,Physics,45000,0.35,40,1
1314,Katavi,2023,Chemistry,45000,0.35,42,1
1314,Katavi,2023,Biology,45000,0.35,72,1
1315,Katavi,2023,Mathematics,45000,0.35,75,1
1315,Katavi,2023,English,45000,0.35,43,1
1315,Katavi,2023,Physics,45000,0.35,13,0
1315,Katavi,2023,Chemistry,45000,0.35,39,0
1315,Katavi,2023,Biology,45000,0.35,74,1
1316,Katavi,2023,Mathematics,45000,0.35,75,1
1316,Katavi,2023,English,45000,0.35,41,1
1316,Katavi,2023,Physics,45000,0.35,60,1
1316,Katavi,2023,Chemistry,45000,0.35,46,1
1316,Katavi,2023,Biology,45000,0.35,74,1
1317,Katavi,2023,Mathematics,45000,0.35,64,1
1317,Katavi,2023,English,45000,0.35,18,0
1317,Katavi,2023,Physics,45000,0.35,31,0
1317,Katavi,2023,Chemistry,45000,0.35,57,1
1317,Katavi,2023,Biology,45000,0.35,47,1
1318,Katavi,2023,Mathematics,45000,0.35,36,0
1318,Katavi,2023,English,45000,0.35,50,1
1318,Katavi,2023,Physics,45000,0.35,30,0
1318,Katavi,2023,Chemistry,45000,0.35,41,1
1318,Katavi,2023,Biology,45000,0.35,31,0
1319,Katavi,2023,Mathematics,45000,0.35,35,0
1319,Katavi,2023,English,45000,0.35,31,0
1319,Katavi,2023,Physics,45000,0.35,31,0
1319,Katavi,2023,Chemistry,45000,0.35,38,0
1319,Katavi,2023,Biology,45000,0.35,36,0
1320,Katavi,2023,Mathematics,45000,0.35,52,1
1320,Katavi,2023,English,45000,0.35,38,0
1320,Katavi,2023,Physics,45000,0.35,27,0
1320,Katavi,2023,Chemistry,45000,0.35,0,0
1320,Katavi,2023,Biology,45000,0.35,25,0
1321,Katavi,2023,Mathematics,45000,0.35,36,0
1321,Katavi,2023,English,45000,0.35,28,0
1321,Katavi,2023,Physics,45000,0.35,43,1
1321,Katavi,2023,Chemistry,45000,0.35,9,0
1321,Katavi,2023,Biology,45000,0.35,30,0
1322,Katavi,2023,Mathematics,45000,0.35,19,0
1322,Katavi,2023,English,45000,0.35,44,1
1322,Katavi,2023,Physics,45000,0.35,31,0
1322,Katavi,2023,Chemistry,45000,0.35,27,0
1322,Katavi,2023,Biology,45000,0.35,47,1
1323,Katavi,2023,Mathematics,45000,0.35,14,0
1323,Katavi,2023,English,45000,0.35,49,1
1323,Katavi,2023,Physics,45000,0.35,56,1
1323,Katavi,2023,Chemistry,45000,0.35,54,1
1323,Katavi,2023,Biology,45000,0.35,26,0
1324,Katavi,2023,Mathematics,45000,0.35,59,1
1324,Katavi,2023,English,45000,0.35,44,1
1324,Katavi,2023,Physics,45000,0.35,49,1
1324,Katavi,2023,Chemistry,45000,0.35,51,1
1324,Katavi,2023,Biology,45000,0.35,33,0
1325,Katavi,2023,Mathematics,45000,0.35,41,1
1325,Katavi,2023,English,45000,0.35,52,1
1325,Katavi,2023,Physics,45000,0.35,55,1
1325,Katavi,2023,Chemistry,45000,0.35,13,0
1325,Katavi,2023,Biology,45000,0.35,31,0
1326,Katavi,2023,Mathematics,45000,0.35,18,0
1326,Katavi,2023,English,45000,0.35,44,1
1326,Katavi,2023,Physics,45000,0.35,58,1
1326,Katavi,2023,Chemistry,45000,0.35,32,0
1326,Katavi,2023,Biology,45000,0.35,17,0
1327,Katavi,2023,Mathematics,45000,0.35,46,1
1327,Katavi,2023,English,45000,0.35,64,1
1327,Katavi,2023,Physics,45000,0.35,35,0
1327,Katavi,2023,Chemistry,45000,0.35,26,0
1327,Katavi,2023,Biology,45000,0.35,51,1
1328,Katavi,2023,Mathematics,45000,0.35,30,0
1328,Katavi,2023,English,45000,0.35,36,0
1328,Katavi,2023,Physics,45000,0.35,74,1
1328,Katavi,2023,Chemistry,45000,0.35,32,0
1328,Katavi,2023,Biology,45000,0.35,24,0
1329,Katavi,2023,Mathematics,45000,0.35,39,0
1329,Katavi,2023,English,45000,0.35,29,0
1329,Katavi,2023,Physics,45000,0.35,39,0
1329,Katavi,2023,Chemistry,45000,0.35,58,1
1329,Katavi,2023,Biology,45000,0.35,56,1
1330,Katavi,2023,Mathematics,45000,0.35,28,0
1330,Katavi,2023,English,45000,0.35,53,1
1330,Katavi,2023,Physics,45000,0.35,31,0
1330,Katavi,2023,Chemistry,45000,0.35,38,0
1330,Katavi,2023,Biology,45000,0.35,49,1
1331,Katavi,2023,Mathematics,45000,0.35,43,1
1331,Katavi,2023,English,45000,0.35,58,1
1331,Katavi,2023,Physics,45000,0.35,30,0
1331,Katavi,2023,Chemistry,45000,0.35,47,1
1331,Katavi,2023,Biology,45000,0.35,19,0
1332,Katavi,2023,Mathematics,45000,0.35,40,1
1332,Katavi,2023,English,45000,0.35,56,1
1332,Katavi,2023,Physics,45000,0.35,43,1
1332,Katavi,2023,Chemistry,45000,0.35,40,1
1332,Katavi,2023,Biology,45000,0.35,23,0
1333,Katavi,2023,Mathematics,45000,0.35,20,0
1333,Katavi,2023,English,45000,0.35,24,0
1333,Katavi,2023,Physics,45000,0.35,41,1
1333,Katavi,2023,Chemistry,45000,0.35,42,1
1333,Katavi,2023,Biology,45000,0.35,55,1
1334,Katavi,2023,Mathematics,45000,0.35,45,1
1334,Katavi,2023,English,45000,0.35,28,0
1334,Katavi,2023,Physics,45000,0.35,18,0
1334,Katavi,2023,Chemistry,45000,0.35,38,0
1334,Katavi,2023,Biology,45000,0.35,47,1
1335,Katavi,2023,Mathematics,45000,0.35,57,1
1335,Katavi,2023,English,45000,0.35,67,1
1335,Katavi,2023,Physics,45000,0.35,36,0
1335,Katavi,2023,Chemistry,45000,0.35,17,0
1335,Katavi,2023,Biology,45000,0.35,60,1
1336,Katavi,2023,Mathematics,45000,0.35,44,1
1336,Katavi,2023,English,45000,0.35,55,1
1336,Katavi,2023,Physics,45000,0.35,83,1
1336,Katavi,2023,Chemistry,45000,0.35,44,1
1336,Katavi,2023,Biology,45000,0.35,65,1
1337,Katavi,2024,Mathematics,45000,0.35,34,0
1337,Katavi,2024,English,45000,0.35,34,0
1337,Katavi,2024,Physics,45000,0.35,76,1
1337,Katavi,2024,Chemistry,45000,0.35,47,1
1337,Katavi,2024,Biology,45000,0.35,94,1
1338,Katavi,2024,Mathematics,45000,0.35,59,1
1338,Katavi,2024,English,45000,0.35,68,1
1338,Katavi,2024,Physics,45000,0.35,44,1
1338,Katavi,2024,Chemistry,45000,0.35,22,0
1338,Katavi,2024,Biology,45000,0.35,33,0
1339,Katavi,2024,Mathematics,45000,0.35,33,0
1339,Katavi,2024,English,45000,0.35,32,0
1339,Katavi,2024,Physics,45000,0.35,39,0
1339,Katavi,2024,Chemistry,45000,0.35,61,1
1339,Katavi,2024,Biology,45000,0.35,65,1
1340,Katavi,2024,Mathematics,45000,0.35,55,1
1340,Katavi,2024,English,45000,0.35,47,1
1340,Katavi,2024,Physics,45000,0.35,46,1
1340,Katavi,2024,Chemistry,45000,0.35,28,0
1340,Katavi,2024,Biology,45000,0.35,41,1
1341,Katavi,2024,Mathematics,45000,0.35,59,1
1341,Katavi,2024,English,45000,0.35,44,1
1341,Katavi,2024,Physics,45000,0.35,44,1
1341,Katavi,2024,Chemistry,45000,0.35,43,1
1341,Katavi,2024,Biology,45000,0.35,57,1
1342,Katavi,2024,Mathematics,45000,0.35,16,0
1342,Katavi,2024,English,45000,0.35,11,0
1342,Katavi,2024,Physics,45000,0.35,36,0
1342,Katavi,2024,Chemistry,45000,0.35,45,1
1342,Katavi,2024,Biology,45000,0.35,90,1
1343,Katavi,2024,Mathematics,45000,0.35,49,1
1343,Katavi,2024,English,45000,0.35,43,1
1343,Katavi,2024,Physics,45000,0.35,44,1
1343,Katavi,2024,Chemistry,45000,0.35,29,0
1343,Katavi,2024,Biology,45000,0.35,38,0
1344,Katavi,2024,Mathematics,45000,0.35,39,0
1344,Katavi,2024,English,45000,0.35,50,1
1344,Katavi,2024,Physics,45000,0.35,55,1
1344,Katavi,2024,Chemistry,45000,0.35,47,1
1344,Katavi,2024,Biology,45000,0.35,38,0
1345,Katavi,2024,Mathematics,45000,0.35,3,0
1345,Katavi,2024,English,45000,0.35,65,1
1345,Katavi,2024,Physics,45000,0.35,58,1
1345,Katavi,2024,Chemistry,45000,0.35,18,0
1345,Katavi,2024,Biology,45000,0.35,63,1
1346,Katavi,2024,Mathematics,45000,0.35,55,1
1346,Katavi,2024,English,45000,0.35,54,1
1346,Katavi,2024,Physics,45000,0.35,57,1
1346,Katavi,2024,Chemistry,45000,0.35,39,0
1346,Katavi,2024,Biology,45000,0.35,30,0
1347,Katavi,2024,Mathematics,45000,0.35,65,1
1347,Katavi,2024,English,45000,0.35,48,1
1347,Katavi,2024,Physics,45000,0.35,71,1
1347,Katavi,2024,Chemistry,45000,0.35,66,1
1347,Katavi,2024,Biology,45000,0.35,53,1
1348,Katavi,2024,Mathematics,45000,0.35,43,1
1348,Katavi,2024,English,45000,0.35,30,0
1348,Katavi,2024,Physics,45000,0.35,16,0
1348,Katavi,2024,Chemistry,45000,0.35,67,1
1348,Katavi,2024,Biology,45000,0.35,36,0
1349,Katavi,2024,Mathematics,45000,0.35,39,0
1349,Katavi,2024,English,45000,0.35,35,0
1349,Katavi,2024,Physics,45000,0.35,25,0
1349,Katavi,2024,Chemistry,45000,0.35,61,1
1349,Katavi,2024,Biology,45000,0.35,0,0
1350,Katavi,2024,Mathematics,45000,0.35,19,0
1350,Katavi,2024,English,45000,0.35,60,1
1350,Katavi,2024,Physics,45000,0.35,71,1
1350,Katavi,2024,Chemistry,45000,0.35,62,1
1350,Katavi,2024,Biology,45000,0.35,48,1
1351,Katavi,2024,Mathematics,45000,0.35,56,1
1351,Katavi,2024,English,45000,0.35,46,1
1351,Katavi,2024,Physics,45000,0.35,42,1
1351,Katavi,2024,Chemistry,45000,0.35,62,1
1351,Katavi,2024,Biology,45000,0.35,52,1
1352,Katavi,2024,Mathematics,45000,0.35,23,0
1352,Katavi,2024,English,45000,0.35,36,0
1352,Katavi,2024,Physics,45000,0.35,34,0
1352,Katavi,2024,Chemistry,45000,0.35,49,1
1352,Katavi,2024,Biology,45000,0.35,42,1
1353,Katavi,2024,Mathematics,45000,0.35,35,0
1353,Katavi,2024,English,45000,0.35,58,1
1353,Katavi,2024,Physics,45000,0.35,58,1
1353,Katavi,2024,Chemistry,45000,0.35,32,0
1353,Katavi,2024,Biology,45000,0.35,18,0
1354,Katavi,2024,Mathematics,45000,0.35,48,1
1354,Katavi,2024,English,45000,0.35,26,0
1354,Katavi,2024,Physics,45000,0.35,15,0
1354,Katavi,2024,Chemistry,45000,0.35,46,1
1354,Katavi,2024,Biology,45000,0.35,59,1
1355,Katavi,2024,Mathematics,45000,0.35,39,0
1355,Katavi,2024,English,45000,0.35,63,1
1355,Katavi,2024,Physics,45000,0.35,42,1
1355,Katavi,2024,Chemistry,45000,0.35,51,1
1355,Katavi,2024,Biology,45000,0.35,61,1
1356,Katavi,2024,Mathematics,45000,0.35,53,1
1356,Katavi,2024,English,45000,0.35,30,0
1356,Katavi,2024,Physics,45000,0.35,55,1
1356,Katavi,2024,Chemistry,45000,0.35,56,1
1356,Katavi,2024,Biology,45000,0.35,55,1
1357,Katavi,2024,Mathematics,45000,0.35,19,0
1357,Katavi,2024,English,45000,0.35,25,0
1357,Katavi,2024,Physics,45000,0.35,51,1
1357,Katavi,2024,Chemistry,45000,0.35,39,0
1357,Katavi,2024,Biology,45000,0.35,79,1
1358,Katavi,2024,Mathematics,45000,0.35,56,1
1358,Katavi,2024,English,45000,0.35,3,0
1358,Katavi,2024,Physics,45000,0.35,36,0
1358,Katavi,2024,Chemistry,45000,0.35,41,1
1358,Katavi,2024,Biology,45000,0.35,31,0
1359,Katavi,2024,Mathematics,45000,0.35,57,1
1359,Katavi,2024,English,45000,0.35,27,0
1359,Katavi,2024,Physics,45000,0.35,70,1
1359,Katavi,2024,Chemistry,45000,0.35,25,0
1359,Katavi,2024,Biology,45000,0.35,63,1
1360,Katavi,2024,Mathematics,45000,0.35,35,0
1360,Katavi,2024,English,45000,0.35,32,0
1360,Katavi,2024,Physics,45000,0.35,13,0
1360,Katavi,2024,Chemistry,45000,0.35,60,1
1360,Katavi,2024,Biology,45000,0.35,24,0
